Scope,Dimension,Baseline_Median,Baseline_Q25,Baseline_Q75,Applied_Scale,Scale_Source,NearZero_Guard_Applied
Whole_State,Theta.Cz,4.4584600000000005,3.02385275,6.63537425,3.6115215,baseline_IQR,False
Whole_State,Theta.Fz,2.9628680000000003,1.965964,4.454492466236,2.488528466236,baseline_IQR,False
Whole_State,Theta.Fp1,2.8116250000000003,1.8917955000000002,4.109049000000001,2.2172535000000004,baseline_IQR,False
Whole_State,Theta.F7,2.127779,1.4350847500000001,3.18560375,1.7505189999999997,baseline_IQR,False
Whole_State,Theta.F3,2.9565025,1.963988,4.40967825,2.4456902499999997,baseline_IQR,False
Whole_State,Theta.FC1,1.978386,1.33907625,2.9019209999999998,1.5628447499999998,baseline_IQR,False
Whole_State,Theta.C3,1.7272414999999999,1.149412,2.60504525,1.4556332499999998,baseline_IQR,False
Whole_State,Theta.FC5,1.811607372604425,1.2236535,2.70274325,1.4790897500000002,baseline_IQR,False
Whole_State,Theta.FT9,1.3613244999999998,0.8869385000000001,2.135745,1.2488065,baseline_IQR,False
Whole_State,Theta.T7,1.2006489999999999,0.8109155,1.76326475,0.95234925,baseline_IQR,False
Whole_State,Theta.CP5,1.4214864999999999,0.94482875,2.1060369999999997,1.1612082499999996,baseline_IQR,False
Whole_State,Theta.CP1,1.5271460000000001,1.0224195,2.3052937499999997,1.2828742499999997,baseline_IQR,False
Whole_State,Theta.P3,1.7200593983107901,1.14544825,2.59392075,1.4484725,baseline_IQR,False
Whole_State,Theta.P7,0.7553559999999999,0.505421,1.1120040000000002,0.6065830000000002,baseline_IQR,False
Whole_State,Theta.PO9,0.8876925,0.5939082499999999,1.34524025,0.7513320000000001,baseline_IQR,False
Whole_State,Theta.O1,1.8849589999999998,1.2608625,2.86956175,1.60869925,baseline_IQR,False
Whole_State,Theta.Pz,1.6157664999999999,1.08094675,2.426056,1.34510925,baseline_IQR,False
Whole_State,Theta.Oz,1.9985300000000001,1.3222542499999999,3.01090825,1.688654,baseline_IQR,False
Whole_State,Theta.O2,2.098067,1.36477275,3.2360175,1.87124475,baseline_IQR,False
Whole_State,Theta.PO10,2.0245995,1.35568997915224,3.1306207500000003,1.7749307708477602,baseline_IQR,False
Whole_State,Theta.P8,3.0206195,1.87896375,4.7438005,2.86483675,baseline_IQR,False
Whole_State,Theta.P4,1.8853475,1.25758175,2.9082825,1.65070075,baseline_IQR,False
Whole_State,Theta.CP2,1.553967,1.0330495,2.34065875,1.3076092499999998,baseline_IQR,False
Whole_State,Theta.CP6,3.0740728405514997,1.99402475,4.759467,2.76544225,baseline_IQR,False
Whole_State,Theta.T8,2.971273,1.91316925,4.66529,2.7521207499999996,baseline_IQR,False
Whole_State,Theta.FT10,2.3570219999999997,1.52515725,3.83729975,2.3121425,baseline_IQR,False
Whole_State,Theta.FC6,3.072299,2.014287,4.595897750000001,2.5816107500000007,baseline_IQR,False
Whole_State,Theta.C4,2.7018625,1.76035225,4.1462025,2.3858502500000003,baseline_IQR,False
Whole_State,Theta.FC2,2.2501185,1.488763,3.3701524999999997,1.8813894999999996,baseline_IQR,False
Whole_State,Theta.F4,3.1928970000000003,2.10337425,4.81506525,2.711691,baseline_IQR,False
Whole_State,Theta.F8,3.3657174999999997,2.199698,5.1244795000000005,2.9247815000000004,baseline_IQR,False
Whole_State,Theta.Fp2,3.2086255,2.1325015286453977,4.630297,2.497795471354602,baseline_IQR,False
Whole_State,Alpha.Cz,9.229986,5.610379249999999,14.89653375,9.2861545,baseline_IQR,False
Whole_State,Alpha.Fz,5.441594,3.41769275,8.828980999999999,5.411288249999998,baseline_IQR,False
Whole_State,Alpha.Fp1,6.531865,3.96217925,10.40020975,6.4380305,baseline_IQR,False
Whole_State,Alpha.F7,4.719561,2.87898025,7.6618435,4.78286325,baseline_IQR,False
Whole_State,Alpha.F3,6.3242975,3.79410625,10.31482825,6.520721999999999,baseline_IQR,False
Whole_State,Alpha.FC1,3.5312205,2.244794,5.4543177499999995,3.2095237499999993,baseline_IQR,False
Whole_State,Alpha.C3,3.403608,2.11755575,5.411906,3.29435025,baseline_IQR,False
Whole_State,Alpha.FC5,3.480738,2.173903,5.6106275,3.4367244999999995,baseline_IQR,False
Whole_State,Alpha.FT9,2.7319994999999997,1.7118457500000002,4.22123675,2.509391,baseline_IQR,False
Whole_State,Alpha.T7,2.103486,1.3342185,3.259437,1.9252185000000002,baseline_IQR,False
Whole_State,Alpha.CP5,3.0818054999999998,1.90783975,5.0186105,3.1107707500000004,baseline_IQR,False
Whole_State,Alpha.CP1,5.0868115,2.6546867499999998,9.391752749999998,6.737065999999999,baseline_IQR,False
Whole_State,Alpha.P3,5.7144075,2.97649675,11.1919875,8.21549075,baseline_IQR,False
Whole_State,Alpha.P7,2.6598655,1.44113725,4.70533625,3.2641990000000005,baseline_IQR,False
Whole_State,Alpha.PO9,4.0493115,2.09531925,6.905118,4.80979875,baseline_IQR,False
Whole_State,Alpha.O1,9.146090000000001,4.09058725,18.164061,14.073473750000002,baseline_IQR,False
Whole_State,Alpha.Pz,5.560874,2.84877575,10.505831,7.657055250000001,baseline_IQR,False
Whole_State,Alpha.Oz,9.6402485,4.19233425,18.60519925,14.412864999999998,baseline_IQR,False
Whole_State,Alpha.O2,11.335223,4.6321515,21.774224250000003,17.142072750000004,baseline_IQR,False
Whole_State,Alpha.PO10,10.6500555,5.1659665,17.2900215,12.124055000000002,baseline_IQR,False
Whole_State,Alpha.P8,16.932248,7.291368266857438,28.11397375,20.82260548314256,baseline_IQR,False
Whole_State,Alpha.P4,6.537014,3.24700875,12.330198750000001,9.083190000000002,baseline_IQR,False
Whole_State,Alpha.CP2,4.9651425,2.641361,9.168406000000001,6.527045000000001,baseline_IQR,False
Whole_State,Alpha.CP6,7.623535,4.651804,12.24491725,7.59311325,baseline_IQR,False
Whole_State,Alpha.T8,5.417658,3.5717585,8.06322825,4.49146975,baseline_IQR,False
Whole_State,Alpha.FT10,4.292072,2.73464675,6.41496175,3.680315,baseline_IQR,False
Whole_State,Alpha.FC6,5.725287097801045,3.7159022093665874,8.89197875,5.176076540633412,baseline_IQR,False
Whole_State,Alpha.C4,5.307022839549505,3.29775525,8.53174375,5.233988500000001,baseline_IQR,False
Whole_State,Alpha.FC2,4.0816055,2.56624975,6.40120875,3.8349590000000005,baseline_IQR,False
Whole_State,Alpha.F4,6.0828065,3.849186,9.7522245,5.903038500000001,baseline_IQR,False
Whole_State,Alpha.F8,6.3259665,4.1040095,9.612871,5.5088615,baseline_IQR,False
Whole_State,Alpha.Fp2,7.0002595,4.317759000000001,10.94772575,6.6299667499999995,baseline_IQR,False
Whole_State,BetaL.Cz,2.578196,1.72583625,3.81156825,2.085732,baseline_IQR,False
Whole_State,BetaL.Fz,1.536663,1.0224445,2.30578325,1.2833387500000002,baseline_IQR,False
Whole_State,BetaL.Fp1,1.5082365,1.0250435,2.2335397500000003,1.2084962500000003,baseline_IQR,False
Whole_State,BetaL.F7,1.183842,0.8001162500000001,1.779568,0.97945175,baseline_IQR,False
Whole_State,BetaL.F3,1.6035154999999999,1.06777875,2.3743842500000003,1.3066055000000003,baseline_IQR,False
Whole_State,BetaL.FC1,1.0800155,0.7264912499999999,1.5921572499999999,0.8656659999999999,baseline_IQR,False
Whole_State,BetaL.C3,1.0746905,0.7139821108024933,1.5960590000000001,0.8820768891975068,baseline_IQR,False
Whole_State,BetaL.FC5,1.068165,0.7024724999999999,1.5936635,0.891191,baseline_IQR,False
Whole_State,BetaL.FT9,0.7317895,0.489328,1.0979385,0.6086104999999999,baseline_IQR,False
Whole_State,BetaL.T7,0.688502,0.45204725,1.027227,0.5751797499999999,baseline_IQR,False
Whole_State,BetaL.CP5,1.0149995,0.68333975,1.5066255,0.8232857499999999,baseline_IQR,False
Whole_State,BetaL.CP1,1.169816,0.7801075,1.72448225,0.9443747500000002,baseline_IQR,False
Whole_State,BetaL.P3,1.3961265,0.9186945,2.04891475,1.1302202499999998,baseline_IQR,False
Whole_State,BetaL.P7,0.638953,0.42424,0.940844,0.5166040000000001,baseline_IQR,False
Whole_State,BetaL.PO9,0.8443265,0.5657325,1.22368675,0.65795425,baseline_IQR,False
Whole_State,BetaL.O1,1.721347,1.15666525,2.567641,1.41097575,baseline_IQR,False
Whole_State,BetaL.Pz,1.269061,0.8512284999999999,1.86742525,1.01619675,baseline_IQR,False
Whole_State,BetaL.Oz,1.8357364999999999,1.22757625,2.693476,1.46589975,baseline_IQR,False
Whole_State,BetaL.O2,2.0392175000000003,1.33944525,3.0262209999999996,1.6867757499999996,baseline_IQR,False
Whole_State,BetaL.PO10,1.885485,1.312316,2.6722995000000003,1.3599835000000002,baseline_IQR,False
Whole_State,BetaL.P8,2.7717295,1.843772,4.0265752500000005,2.1828032500000005,baseline_IQR,False
Whole_State,BetaL.P4,1.4941119999999999,0.979123,2.17457975,1.19545675,baseline_IQR,False
Whole_State,BetaL.CP2,1.179065,0.795436,1.7100890536956126,0.9146530536956126,baseline_IQR,False
Whole_State,BetaL.CP6,2.2835275,1.55390175,3.2893797499999997,1.7354779999999996,baseline_IQR,False
Whole_State,BetaL.T8,1.8583794999999999,1.255716,2.750832,1.495116,baseline_IQR,False
Whole_State,BetaL.FT10,1.3240370000000001,0.89460425,1.94544125,1.050837,baseline_IQR,False
Whole_State,BetaL.FC6,1.8044345,1.22376725,2.65840875,1.4346415,baseline_IQR,False
Whole_State,BetaL.C4,1.7776315,1.17339675,2.6069649999999998,1.4335682499999998,baseline_IQR,False
Whole_State,BetaL.FC2,1.267392422285845,0.8429575,1.88072775,1.03777025,baseline_IQR,False
Whole_State,BetaL.F4,1.7591489999999999,1.18200575,2.6182214999999998,1.4362157499999997,baseline_IQR,False
Whole_State,BetaL.F8,1.8361405,1.2202267500000001,2.64433675,1.4241099999999998,baseline_IQR,False
Whole_State,BetaL.Fp2,1.687585,1.1415967500000002,2.4885849999999996,1.3469882499999994,baseline_IQR,False
Whole_State,BetaH.Cz,2.4202339999999998,1.8459910000000002,3.21998275,1.3739917499999996,baseline_IQR,False
Whole_State,BetaH.Fz,1.2502825,0.9544055,1.66069975,0.70629425,baseline_IQR,False
Whole_State,BetaH.Fp1,1.3173534999999998,1.0126235000000001,1.7449807499999999,0.7323572499999997,baseline_IQR,False
Whole_State,BetaH.F7,1.0719805,0.80658575,1.43894025,0.6323544999999999,baseline_IQR,False
Whole_State,BetaH.F3,1.4183050000000001,1.0694379999999999,1.8794265,0.8099885000000002,baseline_IQR,False
Whole_State,BetaH.FC1,0.878682,0.667967,1.1696422499999999,0.5016752499999999,baseline_IQR,False
Whole_State,BetaH.C3,0.8979815346645246,0.67097875,1.195056,0.5240772499999999,baseline_IQR,False
Whole_State,BetaH.FC5,0.9063315000000001,0.68338425,1.22008025,0.5366960000000001,baseline_IQR,False
Whole_State,BetaH.FT9,0.535850504866025,0.404003,0.7095685,0.30556550000000005,baseline_IQR,False
Whole_State,BetaH.T7,0.555781846923812,0.4185941311870955,0.73507075,0.3164766188129045,baseline_IQR,False
Whole_State,BetaH.CP5,0.8861965,0.672269,1.1743115,0.5020425,baseline_IQR,False
Whole_State,BetaH.CP1,0.9756335,0.7210417499999999,1.30325175,0.5822100000000001,baseline_IQR,False
Whole_State,BetaH.P3,1.1903405,0.8653975,1.59298725,0.7275897499999999,baseline_IQR,False
Whole_State,BetaH.P7,0.5255004999999999,0.397289,0.69088325,0.29359424999999995,baseline_IQR,False
Whole_State,BetaH.PO9,0.7010065,0.5316827500000001,0.9055225,0.3738397499999999,baseline_IQR,False
Whole_State,BetaH.O1,1.512213,1.0591075,2.0599555,1.000848,baseline_IQR,False
Whole_State,BetaH.Pz,1.0573890000000001,0.7785875,1.41134775,0.63276025,baseline_IQR,False
Whole_State,BetaH.Oz,1.6180205,1.1447797499999999,2.217963,1.0731832500000003,baseline_IQR,False
Whole_State,BetaH.O2,1.848736,1.2983485,2.619745,1.3213965,baseline_IQR,False
Whole_State,BetaH.PO10,1.579609,1.173951,2.0671305,0.8931795000000002,baseline_IQR,False
Whole_State,BetaH.P8,2.3095285,1.6388781136647375,3.1545560000000004,1.515677886335263,baseline_IQR,False
Whole_State,BetaH.P4,1.2447650000000001,0.9018065,1.7028385,0.801032,baseline_IQR,False
Whole_State,BetaH.CP2,0.976116,0.72236875,1.304782,0.5824132500000001,baseline_IQR,False
Whole_State,BetaH.CP6,1.9191535000000002,1.4300225,2.5915927500000002,1.1615702500000002,baseline_IQR,False
Whole_State,BetaH.T8,1.389751,1.0591992499999998,1.83657875,0.7773795000000001,baseline_IQR,False
Whole_State,BetaH.FT10,0.9423919999999999,0.7202215000000001,1.24397,0.5237485,baseline_IQR,False
Whole_State,BetaH.FC6,1.45627,1.1109537500000002,1.9064017500000001,0.7954479999999999,baseline_IQR,False
Whole_State,BetaH.C4,1.4586009999999998,1.081173,1.96755075,0.8863777500000001,baseline_IQR,False
Whole_State,BetaH.FC2,1.0355815,0.78599575,1.372773,0.58677725,baseline_IQR,False
Whole_State,BetaH.F4,1.42853973620616,1.0962995,1.89123775,0.79493825,baseline_IQR,False
Whole_State,BetaH.F8,1.4585751583046,1.09471475,1.90469425,0.8099794999999999,baseline_IQR,False
Whole_State,BetaH.Fp2,1.4653580000000002,1.1174365,1.9334085,0.8159720000000001,baseline_IQR,False
Whole_State,Gamma.Cz,0.4465655,0.35444225,0.562655,0.20821275,baseline_IQR,False
Whole_State,Gamma.Fz,0.225257141263552,0.184927,0.27747225000000003,0.09254525000000002,baseline_IQR,False
Whole_State,Gamma.Fp1,0.335643,0.26870025,0.42617675,0.15747650000000002,baseline_IQR,False
Whole_State,Gamma.F7,0.27324800000000005,0.21443500000000001,0.35728425,0.14284925,baseline_IQR,False
Whole_State,Gamma.F3,0.276646,0.22249875,0.34857150000000003,0.12607275000000004,baseline_IQR,False
Whole_State,Gamma.FC1,0.17960949999999998,0.1493295,0.21599075,0.06666125,baseline_IQR,False
Whole_State,Gamma.C3,0.18573699999999999,0.15490525,0.2243745,0.06946925000000001,baseline_IQR,False
Whole_State,Gamma.FC5,0.1853475,0.1507325,0.22842,0.07768750000000002,baseline_IQR,False
Whole_State,Gamma.FT9,0.1271085,0.10585625,0.153668,0.04781175,baseline_IQR,False
Whole_State,Gamma.T7,0.12053900000000001,0.098523,0.148143,0.04962,baseline_IQR,False
Whole_State,Gamma.CP5,0.17718050000000002,0.147848,0.21329925,0.06545124999999999,baseline_IQR,False
Whole_State,Gamma.CP1,0.202954,0.16607703373444224,0.24807475,0.08199771626555777,baseline_IQR,False
Whole_State,Gamma.P3,0.22719250000000002,0.1878805,0.27747,0.08958949999999999,baseline_IQR,False
Whole_State,Gamma.P7,0.12920399999999999,0.1047305,0.162059,0.057328500000000004,baseline_IQR,False
Whole_State,Gamma.PO9,0.269095,0.20531675,0.35743674999999997,0.15211999999999998,baseline_IQR,False
Whole_State,Gamma.O1,0.3545515,0.290213,0.43087225,0.14065925,baseline_IQR,False
Whole_State,Gamma.Pz,0.2202155,0.18137975,0.26792900000000003,0.08654925000000002,baseline_IQR,False
Whole_State,Gamma.Oz,0.4154455,0.3407785,0.5118825,0.17110400000000003,baseline_IQR,False
Whole_State,Gamma.O2,0.5907279999999999,0.4328095,0.8026960000000001,0.36988650000000006,baseline_IQR,False
Whole_State,Gamma.PO10,0.5402365,0.42980399999999996,0.67117725,0.24137324999999998,baseline_IQR,False
Whole_State,Gamma.P8,0.4122715,0.32529675,0.51635725,0.19106049999999997,baseline_IQR,False
Whole_State,Gamma.P4,0.2441605,0.20291,0.2960605,0.0931505,baseline_IQR,False
Whole_State,Gamma.CP2,0.201043,0.165868,0.24392550000000002,0.07805750000000003,baseline_IQR,False
Whole_State,Gamma.CP6,0.299404,0.24511125,0.35948625,0.114375,baseline_IQR,False
Whole_State,Gamma.T8,0.2151865,0.1770695,0.26013149999999996,0.08306199999999997,baseline_IQR,False
Whole_State,Gamma.FT10,0.178611,0.14810475,0.21526525,0.06716049999999998,baseline_IQR,False
Whole_State,Gamma.FC6,0.2675425,0.21622924999999998,0.332157,0.11592775,baseline_IQR,False
Whole_State,Gamma.C4,0.252416,0.206338,0.30908603198984724,0.10274803198984725,baseline_IQR,False
Whole_State,Gamma.FC2,0.2041215,0.169369,0.2490525,0.07968350000000002,baseline_IQR,False
Whole_State,Gamma.F4,0.28454,0.22827025,0.36170349999999996,0.13343324999999995,baseline_IQR,False
Whole_State,Gamma.F8,0.3236085,0.25716399999999995,0.4124995,0.15533550000000007,baseline_IQR,False
Whole_State,Gamma.Fp2,0.35503978968997896,0.28317375,0.453603,0.17042924999999998,baseline_IQR,False
Regional_State,Theta.Anterior,3.0211965,2.0444201250000003,4.364150125,2.31973,baseline_IQR,False
Regional_State,Theta.Central,2.71936,1.78627725,4.12401824415239,2.3377409941523903,baseline_IQR,False
Regional_State,Theta.Frontal,2.9277505,2.0054394999999996,4.26521375,2.2597742500000004,baseline_IQR,False
Regional_State,Theta.FrontoCentral,2.16420675,1.472355,3.1735917500000004,1.7012367500000003,baseline_IQR,False
Regional_State,Theta.Occipital,1.905548,1.27666275,2.85337825,1.5767155,baseline_IQR,False
Regional_State,Theta.Parietal,1.6454795,1.1156785,2.4484719999999998,1.3327934999999997,baseline_IQR,False
Regional_State,Theta.Temporal,1.9656387499999999,1.354786125,2.9007614999999998,1.5459753749999998,baseline_IQR,False
Regional_State,Alpha.Anterior,6.76946425,4.16028463281845,10.684700625,6.52441599218155,baseline_IQR,False
Regional_State,Alpha.Central,5.337402,3.347277,8.51097725,5.16370025,baseline_IQR,False
Regional_State,Alpha.Frontal,5.799269,3.6481645,9.18140825,5.5332437500000005,baseline_IQR,False
Regional_State,Alpha.FrontoCentral,3.96492525,2.5597165,6.185230875,3.6255143750000003,baseline_IQR,False
Regional_State,Alpha.Occipital,9.4052615,4.150404249999999,17.96415575,13.8137515,baseline_IQR,False
Regional_State,Alpha.Parietal,5.3808865,2.845755,9.850997,7.005241999999999,baseline_IQR,False
Regional_State,Alpha.Temporal,3.5872265,2.46414825,5.216364125,2.752215875,baseline_IQR,False
Regional_State,BetaL.Anterior,1.5994697500000001,1.0944188750000001,2.35843675,1.264017875,baseline_IQR,False
Regional_State,BetaL.Central,1.7501405,1.16314825,2.5587205,1.39557225,baseline_IQR,False
Regional_State,BetaL.Frontal,1.5622829999999999,1.0626585,2.304869,1.2422105,baseline_IQR,False
Regional_State,BetaL.FrontoCentral,1.2224895,0.826756,1.7919343749999999,0.9651783749999998,baseline_IQR,False
Regional_State,BetaL.Occipital,1.7549275,1.194855,2.52688775,1.3320327500000002,baseline_IQR,False
Regional_State,BetaL.Parietal,1.2877885,0.87856525,1.85507975,0.9765145000000001,baseline_IQR,False
Regional_State,BetaL.Temporal,1.0900767500000001,0.777721125,1.53388675,0.756165625,baseline_IQR,False
Regional_State,BetaH.Anterior,1.39409325,1.0769484999999999,1.84261925,0.7656707500000002,baseline_IQR,False
Regional_State,BetaH.Central,1.4595305,1.08987325,1.959776,0.8699027500000001,baseline_IQR,False
Regional_State,BetaH.Frontal,1.3174055,1.0262138465246349,1.71850225,0.6922884034753651,baseline_IQR,False
Regional_State,BetaH.FrontoCentral,1.00527725,0.7763715,1.315945125,0.5395736250000001,baseline_IQR,False
Regional_State,BetaH.Occipital,1.5632575000000002,1.1174385,2.0989007500000003,0.9814622500000003,baseline_IQR,False
Regional_State,BetaH.Parietal,1.0813890000000002,0.80383975,1.4225712499999998,0.6187314999999999,baseline_IQR,False
Regional_State,BetaH.Temporal,0.7835575767614238,0.629327,1.0035245,0.37419749999999996,baseline_IQR,False
Regional_State,Gamma.Anterior,0.347601,0.28536849999999997,0.4352645,0.14989600000000003,baseline_IQR,False
Regional_State,Gamma.Central,0.255193,0.2132385,0.31108625,0.09784775000000001,baseline_IQR,False
Regional_State,Gamma.Frontal,0.26950050000000003,0.224704,0.32725975,0.10255575000000003,baseline_IQR,False
Regional_State,Gamma.FrontoCentral,0.20217249999999998,0.17263875,0.2405835,0.06794475,baseline_IQR,False
Regional_State,Gamma.Occipital,0.41647500000000004,0.34755025,0.50713225,0.15958199999999995,baseline_IQR,False
Regional_State,Gamma.Parietal,0.21765400000000001,0.18420675,0.25919975,0.074993,baseline_IQR,False
Regional_State,Gamma.Temporal,0.15750625000000001,0.13622175,0.182957375,0.046735625,baseline_IQR,False
