Session,Representation,Analysis_Level,Band,Channel,Feature,N_Windows,Whole_Record_Shannon_Entropy,Whole_Record_LZC_Normalized,Entropy_Mean,Entropy_Median,Entropy_SD,Entropy_Q25,Entropy_Q75,LZC_Mean,LZC_Median,LZC_SD,LZC_Q25,LZC_Q75,Window_Length_s,Sampling_Rate_Hz,Entropy_Bins,Entropy_Definition,LZC_Normalization,Whole_Record_LZC_Threshold,Window_LZC_Threshold,LZC_Definition
BASELINE_EC,POW,Band,Theta,ALL_CHANNELS_MEDIAN,BandMedian.Theta,181,2.627926651,0.4032795064,2.22211443,2.211912075,0.4311333241,1.949913445,2.507710995,0.6094439084,0.6321928095,0.1097909646,0.5531687083,0.7112169107,10,8,64,Binned Shannon entropy of the temporal amplitude distribution of FFT-derived POW band-power values; shared baseline/modulation edges,c(n)*log2(n)/n,whole-record median,within-window median,Median-binarised Kaspar-Schuster LZ76 complexity with asymptotic normalisation c(n)*log2(n)/n
BASELINE_EC,POW,Band,Alpha,ALL_CHANNELS_MEDIAN,BandMedian.Alpha,181,4.848706619,0.3053130226,3.982914705,4.029784159,0.4979132496,3.649958086,4.385031727,0.5863000868,0.6321928095,0.1210095816,0.4741446071,0.6321928095,10,8,64,Binned Shannon entropy of the temporal amplitude distribution of FFT-derived POW band-power values; shared baseline/modulation edges,c(n)*log2(n)/n,whole-record median,within-window median,Median-binarised Kaspar-Schuster LZ76 complexity with asymptotic normalisation c(n)*log2(n)/n
BASELINE_EC,POW,Band,BetaL,ALL_CHANNELS_MEDIAN,BandMedian.BetaL,181,4.421369102,0.4023283755,3.831954125,3.844301965,0.3729230786,3.619790716,4.115468571,0.6221093962,0.6321928095,0.1136947141,0.5531687083,0.7112169107,10,8,64,Binned Shannon entropy of the temporal amplitude distribution of FFT-derived POW band-power values; shared baseline/modulation edges,c(n)*log2(n)/n,whole-record median,within-window median,Median-binarised Kaspar-Schuster LZ76 complexity with asymptotic normalisation c(n)*log2(n)/n
BASELINE_EC,POW,Band,BetaH,ALL_CHANNELS_MEDIAN,BandMedian.BetaH,181,4.849504182,0.3947193282,4.186008496,4.202890051,0.3239960902,3.993847331,4.424347315,0.6151196726,0.6321928095,0.1170630629,0.5531687083,0.7112169107,10,8,64,Binned Shannon entropy of the temporal amplitude distribution of FFT-derived POW band-power values; shared baseline/modulation edges,c(n)*log2(n)/n,whole-record median,within-window median,Median-binarised Kaspar-Schuster LZ76 complexity with asymptotic normalisation c(n)*log2(n)/n
BASELINE_EC,POW,Band,Gamma,ALL_CHANNELS_MEDIAN,BandMedian.Gamma,181,4.292880566,0.4517871829,3.750275752,3.793019347,0.3558947154,3.567005484,3.96212599,0.6500224461,0.6321928095,0.1223061553,0.5531687083,0.7112169107,10,8,64,Binned Shannon entropy of the temporal amplitude distribution of FFT-derived POW band-power values; shared baseline/modulation edges,c(n)*log2(n)/n,whole-record median,within-window median,Median-binarised Kaspar-Schuster LZ76 complexity with asymptotic normalisation c(n)*log2(n)/n
BASELINE_EC,POW,Feature,Theta,Cz,POW.Cz.Theta,181,3.646712403,0.4013772446,3.201688895,3.224754325,0.3942979077,2.943541385,3.49894268,0.6155395992,0.6321928095,0.1183383959,0.5531687083,0.7112169107,10,8,64,Binned Shannon entropy of the temporal amplitude distribution of FFT-derived POW band-power values; shared baseline/modulation edges,c(n)*log2(n)/n,whole-record median,within-window median,Median-binarised Kaspar-Schuster LZ76 complexity with asymptotic normalisation c(n)*log2(n)/n
BASELINE_EC,POW,Feature,Alpha,Cz,POW.Cz.Alpha,181,4.644387382,0.3519184372,3.922316903,3.928938214,0.5064151892,3.57054418,4.265414436,0.5945996021,0.5531687083,0.1097969524,0.5531687083,0.6321928095,10,8,64,Binned Shannon entropy of the temporal amplitude distribution of FFT-derived POW band-power values; shared baseline/modulation edges,c(n)*log2(n)/n,whole-record median,within-window median,Median-binarised Kaspar-Schuster LZ76 complexity with asymptotic normalisation c(n)*log2(n)/n
BASELINE_EC,POW,Feature,BetaL,Cz,POW.Cz.BetaL,181,4.455858454,0.3985238519,3.87735081,3.903951455,0.3653095281,3.602689896,4.124993104,0.590229462,0.5531687083,0.1119545356,0.4741446071,0.6321928095,10,8,64,Binned Shannon entropy of the temporal amplitude distribution of FFT-derived POW band-power values; shared baseline/modulation edges,c(n)*log2(n)/n,whole-record median,within-window median,Median-binarised Kaspar-Schuster LZ76 complexity with asymptotic normalisation c(n)*log2(n)/n
BASELINE_EC,POW,Feature,BetaH,Cz,POW.Cz.BetaH,181,4.626481963,0.3785501027,3.990486724,4.002166846,0.3512866182,3.788662903,4.231434851,0.6063877277,0.6321928095,0.1145386839,0.5531687083,0.7112169107,10,8,64,Binned Shannon entropy of the temporal amplitude distribution of FFT-derived POW band-power values; shared baseline/modulation edges,c(n)*log2(n)/n,whole-record median,within-window median,Median-binarised Kaspar-Schuster LZ76 complexity with asymptotic normalisation c(n)*log2(n)/n
BASELINE_EC,POW,Feature,Gamma,Cz,POW.Cz.Gamma,181,4.428149066,0.4223021247,3.878707,3.889711066,0.3466540312,3.679119374,4.054426965,0.6103004322,0.6321928095,0.1044023326,0.5531687083,0.7112169107,10,8,64,Binned Shannon entropy of the temporal amplitude distribution of FFT-derived POW band-power values; shared baseline/modulation edges,c(n)*log2(n)/n,whole-record median,within-window median,Median-binarised Kaspar-Schuster LZ76 complexity with asymptotic normalisation c(n)*log2(n)/n
BASELINE_EC,POW,Feature,Theta,Fz,POW.Fz.Theta,181,3.018102248,0.3937681973,2.583483261,2.582322117,0.4397453986,2.285948334,2.883485813,0.6155437668,0.6321928095,0.1148501876,0.5531687083,0.7112169107,10,8,64,Binned Shannon entropy of the temporal amplitude distribution of FFT-derived POW band-power values; shared baseline/modulation edges,c(n)*log2(n)/n,whole-record median,within-window median,Median-binarised Kaspar-Schuster LZ76 complexity with asymptotic normalisation c(n)*log2(n)/n
BASELINE_EC,POW,Feature,Alpha,Fz,POW.Fz.Alpha,181,4.713024766,0.3690387936,3.972891938,4.029714841,0.4956170318,3.644319023,4.385554777,0.6002753663,0.6321928095,0.1098656518,0.5531687083,0.6321928095,10,8,64,Binned Shannon entropy of the temporal amplitude distribution of FFT-derived POW band-power values; shared baseline/modulation edges,c(n)*log2(n)/n,whole-record median,within-window median,Median-binarised Kaspar-Schuster LZ76 complexity with asymptotic normalisation c(n)*log2(n)/n
BASELINE_EC,POW,Feature,BetaL,Fz,POW.Fz.BetaL,181,4.318139392,0.4032795064,3.775635762,3.753755117,0.3915947283,3.558232237,4.016973248,0.593734743,0.5531687083,0.1147666887,0.4741446071,0.7112169107,10,8,64,Binned Shannon entropy of the temporal amplitude distribution of FFT-derived POW band-power values; shared baseline/modulation edges,c(n)*log2(n)/n,whole-record median,within-window median,Median-binarised Kaspar-Schuster LZ76 complexity with asymptotic normalisation c(n)*log2(n)/n
BASELINE_EC,POW,Feature,BetaH,Fz,POW.Fz.BetaH,181,4.663582889,0.408035161,4.06462233,4.097610247,0.357807748,3.826730173,4.310031727,0.6146789077,0.6321928095,0.1075770398,0.5531687083,0.7112169107,10,8,64,Binned Shannon entropy of the temporal amplitude distribution of FFT-derived POW band-power values; shared baseline/modulation edges,c(n)*log2(n)/n,whole-record median,within-window median,Median-binarised Kaspar-Schuster LZ76 complexity with asymptotic normalisation c(n)*log2(n)/n
BASELINE_EC,POW,Feature,Gamma,Fz,POW.Fz.Gamma,181,4.292045831,0.4165953392,3.779803087,3.77983758,0.3277972439,3.615285473,3.988785642,0.6303839055,0.6321928095,0.1142093597,0.5531687083,0.7112169107,10,8,64,Binned Shannon entropy of the temporal amplitude distribution of FFT-derived POW band-power values; shared baseline/modulation edges,c(n)*log2(n)/n,whole-record median,within-window median,Median-binarised Kaspar-Schuster LZ76 complexity with asymptotic normalisation c(n)*log2(n)/n
BASELINE_EC,POW,Feature,Theta,Fp1,POW.Fp1.Theta,181,3.023862011,0.4203998628,2.633639428,2.619607083,0.4329682924,2.331290899,2.945195227,0.5972150179,0.6321928095,0.1031782147,0.5531687083,0.6321928095,10,8,64,Binned Shannon entropy of the temporal amplitude distribution of FFT-derived POW band-power values; shared baseline/modulation edges,c(n)*log2(n)/n,whole-record median,within-window median,Median-binarised Kaspar-Schuster LZ76 complexity with asymptotic normalisation c(n)*log2(n)/n
BASELINE_EC,POW,Feature,Alpha,Fp1,POW.Fp1.Alpha,181,4.698922185,0.3509673063,3.970343341,4.012991056,0.4665050166,3.649904665,4.328029848,0.5880589788,0.5531687083,0.1087781315,0.5531687083,0.6321928095,10,8,64,Binned Shannon entropy of the temporal amplitude distribution of FFT-derived POW band-power values; shared baseline/modulation edges,c(n)*log2(n)/n,whole-record median,within-window median,Median-binarised Kaspar-Schuster LZ76 complexity with asymptotic normalisation c(n)*log2(n)/n
BASELINE_EC,POW,Feature,BetaL,Fp1,POW.Fp1.BetaL,181,4.492379474,0.408035161,3.949136233,3.926730173,0.3745044479,3.72576973,4.193253802,0.6116185593,0.6321928095,0.107823027,0.5531687083,0.7112169107,10,8,64,Binned Shannon entropy of the temporal amplitude distribution of FFT-derived POW band-power values; shared baseline/modulation edges,c(n)*log2(n)/n,whole-record median,within-window median,Median-binarised Kaspar-Schuster LZ76 complexity with asymptotic normalisation c(n)*log2(n)/n
BASELINE_EC,POW,Feature,BetaH,Fp1,POW.Fp1.BetaH,181,4.347357725,0.4251555174,3.823256268,3.81163724,0.3174709151,3.605636447,4.049267835,0.6177434237,0.6321928095,0.1009063253,0.5531687083,0.7112169107,10,8,64,Binned Shannon entropy of the temporal amplitude distribution of FFT-derived POW band-power values; shared baseline/modulation edges,c(n)*log2(n)/n,whole-record median,within-window median,Median-binarised Kaspar-Schuster LZ76 complexity with asymptotic normalisation c(n)*log2(n)/n
BASELINE_EC,POW,Feature,Gamma,Fp1,POW.Fp1.Gamma,181,3.14870932,0.408035161,2.713943079,2.729224548,0.398024976,2.458001011,2.986467382,0.6120426536,0.6321928095,0.1151520467,0.5531687083,0.7112169107,10,8,64,Binned Shannon entropy of the temporal amplitude distribution of FFT-derived POW band-power values; shared baseline/modulation edges,c(n)*log2(n)/n,whole-record median,within-window median,Median-binarised Kaspar-Schuster LZ76 complexity with asymptotic normalisation c(n)*log2(n)/n
BASELINE_EC,POW,Feature,Theta,F7,POW.F7.Theta,181,2.773493593,0.4089862919,2.404104703,2.415337091,0.4238607796,2.18409059,2.661725679,0.6007036282,0.6321928095,0.1107639276,0.5531687083,0.7112169107,10,8,64,Binned Shannon entropy of the temporal amplitude distribution of FFT-derived POW band-power values; shared baseline/modulation edges,c(n)*log2(n)/n,whole-record median,within-window median,Median-binarised Kaspar-Schuster LZ76 complexity with asymptotic normalisation c(n)*log2(n)/n
BASELINE_EC,POW,Feature,Alpha,F7,POW.F7.Alpha,181,4.938477502,0.36523427,4.157852136,4.194990871,0.4835884379,3.848296891,4.536415435,0.5867450194,0.6321928095,0.1124623136,0.4741446071,0.6321928095,10,8,64,Binned Shannon entropy of the temporal amplitude distribution of FFT-derived POW band-power values; shared baseline/modulation edges,c(n)*log2(n)/n,whole-record median,within-window median,Median-binarised Kaspar-Schuster LZ76 complexity with asymptotic normalisation c(n)*log2(n)/n
BASELINE_EC,POW,Feature,BetaL,F7,POW.F7.BetaL,181,4.495843169,0.4099374228,3.934044328,3.957639869,0.3699930189,3.677508862,4.19958177,0.6042130768,0.6321928095,0.1050074311,0.5531687083,0.6321928095,10,8,64,Binned Shannon entropy of the temporal amplitude distribution of FFT-derived POW band-power values; shared baseline/modulation edges,c(n)*log2(n)/n,whole-record median,within-window median,Median-binarised Kaspar-Schuster LZ76 complexity with asymptotic normalisation c(n)*log2(n)/n
BASELINE_EC,POW,Feature,BetaH,F7,POW.F7.BetaH,181,3.832645638,0.4156442083,3.393356969,3.419641918,0.3462236838,3.133460515,3.642220943,0.6089906405,0.6321928095,0.1022684079,0.5531687083,0.7112169107,10,8,64,Binned Shannon entropy of the temporal amplitude distribution of FFT-derived POW band-power values; shared baseline/modulation edges,c(n)*log2(n)/n,whole-record median,within-window median,Median-binarised Kaspar-Schuster LZ76 complexity with asymptotic normalisation c(n)*log2(n)/n
BASELINE_EC,POW,Feature,Gamma,F7,POW.F7.Gamma,181,4.012751939,0.4004261137,3.477376682,3.45272079,0.4398079913,3.153014854,3.799923786,0.6020050846,0.6321928095,0.1041491794,0.5531687083,0.6321928095,10,8,64,Binned Shannon entropy of the temporal amplitude distribution of FFT-derived POW band-power values; shared baseline/modulation edges,c(n)*log2(n)/n,whole-record median,within-window median,Median-binarised Kaspar-Schuster LZ76 complexity with asymptotic normalisation c(n)*log2(n)/n
BASELINE_EC,POW,Feature,Theta,F3,POW.F3.Theta,181,3.263610834,0.3918659355,2.834410928,2.851402756,0.437101153,2.582386558,3.102685856,0.6151030019,0.6321928095,0.1057931091,0.5531687083,0.7112169107,10,8,64,Binned Shannon entropy of the temporal amplitude distribution of FFT-derived POW band-power values; shared baseline/modulation edges,c(n)*log2(n)/n,whole-record median,within-window median,Median-binarised Kaspar-Schuster LZ76 complexity with asymptotic normalisation c(n)*log2(n)/n
BASELINE_EC,POW,Feature,Alpha,F3,POW.F3.Alpha,181,4.764992465,0.3576252227,3.979419232,4.014945521,0.5263210199,3.641856686,4.409829509,0.5884914084,0.5531687083,0.1122502603,0.5531687083,0.6321928095,10,8,64,Binned Shannon entropy of the temporal amplitude distribution of FFT-derived POW band-power values; shared baseline/modulation edges,c(n)*log2(n)/n,whole-record median,within-window median,Median-binarised Kaspar-Schuster LZ76 complexity with asymptotic normalisation c(n)*log2(n)/n
BASELINE_EC,POW,Feature,BetaL,F3,POW.F3.BetaL,181,4.415559333,0.4146930774,3.861847463,3.864239374,0.3995846548,3.622146607,4.121273489,0.6011443931,0.6321928095,0.1101128991,0.5531687083,0.6321928095,10,8,64,Binned Shannon entropy of the temporal amplitude distribution of FFT-derived POW band-power values; shared baseline/modulation edges,c(n)*log2(n)/n,whole-record median,within-window median,Median-binarised Kaspar-Schuster LZ76 complexity with asymptotic normalisation c(n)*log2(n)/n
BASELINE_EC,POW,Feature,BetaH,F3,POW.F3.BetaH,181,4.852956224,0.4089862919,4.211560775,4.218690476,0.3459845938,3.957535091,4.481723446,0.6172984912,0.6321928095,0.105699952,0.5531687083,0.7112169107,10,8,64,Binned Shannon entropy of the temporal amplitude distribution of FFT-derived POW band-power values; shared baseline/modulation edges,c(n)*log2(n)/n,whole-record median,within-window median,Median-binarised Kaspar-Schuster LZ76 complexity with asymptotic normalisation c(n)*log2(n)/n
BASELINE_EC,POW,Feature,Gamma,F3,POW.F3.Gamma,181,4.382167855,0.4146930774,3.827562039,3.838514105,0.409142916,3.581523291,4.082186137,0.6137848749,0.6321928095,0.1104994561,0.5531687083,0.7112169107,10,8,64,Binned Shannon entropy of the temporal amplitude distribution of FFT-derived POW band-power values; shared baseline/modulation edges,c(n)*log2(n)/n,whole-record median,within-window median,Median-binarised Kaspar-Schuster LZ76 complexity with asymptotic normalisation c(n)*log2(n)/n
BASELINE_EC,POW,Feature,Theta,FC1,POW.FC1.Theta,181,2.853305561,0.4013772446,2.495897227,2.508488711,0.3745291347,2.267538514,2.739099577,0.6177267531,0.6321928095,0.1164950952,0.5531687083,0.7112169107,10,8,64,Binned Shannon entropy of the temporal amplitude distribution of FFT-derived POW band-power values; shared baseline/modulation edges,c(n)*log2(n)/n,whole-record median,within-window median,Median-binarised Kaspar-Schuster LZ76 complexity with asymptotic normalisation c(n)*log2(n)/n
BASELINE_EC,POW,Feature,Alpha,FC1,POW.FC1.Alpha,181,4.608960668,0.3871102809,3.952096775,3.957985005,0.4336928384,3.647575947,4.285589077,0.6059511305,0.6321928095,0.1121421405,0.5531687083,0.7112169107,10,8,64,Binned Shannon entropy of the temporal amplitude distribution of FFT-derived POW band-power values; shared baseline/modulation edges,c(n)*log2(n)/n,whole-record median,within-window median,Median-binarised Kaspar-Schuster LZ76 complexity with asymptotic normalisation c(n)*log2(n)/n
BASELINE_EC,POW,Feature,BetaL,FC1,POW.FC1.BetaL,181,4.627345417,0.4118396846,4.045251264,4.090757166,0.3408485669,3.846798602,4.315234116,0.6007119636,0.6321928095,0.1095181017,0.5531687083,0.6321928095,10,8,64,Binned Shannon entropy of the temporal amplitude distribution of FFT-derived POW band-power values; shared baseline/modulation edges,c(n)*log2(n)/n,whole-record median,within-window median,Median-binarised Kaspar-Schuster LZ76 complexity with asymptotic normalisation c(n)*log2(n)/n
BASELINE_EC,POW,Feature,BetaH,FC1,POW.FC1.BetaH,181,4.895767011,0.4127908156,4.277793106,4.314439529,0.3049935338,4.077401301,4.48309244,0.6238432822,0.6321928095,0.1141146621,0.5531687083,0.7112169107,10,8,64,Binned Shannon entropy of the temporal amplitude distribution of FFT-derived POW band-power values; shared baseline/modulation edges,c(n)*log2(n)/n,whole-record median,within-window median,Median-binarised Kaspar-Schuster LZ76 complexity with asymptotic normalisation c(n)*log2(n)/n
BASELINE_EC,POW,Feature,Gamma,FC1,POW.FC1.Gamma,181,4.440530241,0.4213509938,3.885800513,3.901964627,0.3066634882,3.688574464,4.088066718,0.619913907,0.6321928095,0.1020068399,0.5531687083,0.7112169107,10,8,64,Binned Shannon entropy of the temporal amplitude distribution of FFT-derived POW band-power values; shared baseline/modulation edges,c(n)*log2(n)/n,whole-record median,within-window median,Median-binarised Kaspar-Schuster LZ76 complexity with asymptotic normalisation c(n)*log2(n)/n
BASELINE_EC,POW,Feature,Theta,C3,POW.C3.Theta,181,1.908423672,0.3966215901,1.616967067,1.629934992,0.4106881526,1.360964047,1.848281375,0.6234025172,0.6321928095,0.1232706512,0.5531687083,0.7112169107,10,8,64,Binned Shannon entropy of the temporal amplitude distribution of FFT-derived POW band-power values; shared baseline/modulation edges,c(n)*log2(n)/n,whole-record median,within-window median,Median-binarised Kaspar-Schuster LZ76 complexity with asymptotic normalisation c(n)*log2(n)/n
BASELINE_EC,POW,Feature,Alpha,C3,POW.C3.Alpha,181,4.484017833,0.36523427,3.77610769,3.815338894,0.5033460951,3.407732985,4.197427149,0.5954727966,0.5531687083,0.1078652577,0.5531687083,0.6321928095,10,8,64,Binned Shannon entropy of the temporal amplitude distribution of FFT-derived POW band-power values; shared baseline/modulation edges,c(n)*log2(n)/n,whole-record median,within-window median,Median-binarised Kaspar-Schuster LZ76 complexity with asymptotic normalisation c(n)*log2(n)/n
BASELINE_EC,POW,Feature,BetaL,C3,POW.C3.BetaL,181,4.126334768,0.3937681973,3.615907833,3.635119448,0.3847609871,3.377812635,3.884246563,0.6042047415,0.6321928095,0.1123361065,0.5531687083,0.6321928095,10,8,64,Binned Shannon entropy of the temporal amplitude distribution of FFT-derived POW band-power values; shared baseline/modulation edges,c(n)*log2(n)/n,whole-record median,within-window median,Median-binarised Kaspar-Schuster LZ76 complexity with asymptotic normalisation c(n)*log2(n)/n
BASELINE_EC,POW,Feature,BetaH,C3,POW.C3.BetaH,181,4.528520926,0.3966215901,3.940273743,3.914220252,0.3507828638,3.698985585,4.192930908,0.6198972363,0.6321928095,0.1203128118,0.5531687083,0.7112169107,10,8,64,Binned Shannon entropy of the temporal amplitude distribution of FFT-derived POW band-power values; shared baseline/modulation edges,c(n)*log2(n)/n,whole-record median,within-window median,Median-binarised Kaspar-Schuster LZ76 complexity with asymptotic normalisation c(n)*log2(n)/n
BASELINE_EC,POW,Feature,Gamma,C3,POW.C3.Gamma,181,2.62018404,0.4337156956,2.281834603,2.273193078,0.3434306015,2.036160254,2.476243486,0.6212403694,0.6321928095,0.1139273662,0.5531687083,0.7112169107,10,8,64,Binned Shannon entropy of the temporal amplitude distribution of FFT-derived POW band-power values; shared baseline/modulation edges,c(n)*log2(n)/n,whole-record median,within-window median,Median-binarised Kaspar-Schuster LZ76 complexity with asymptotic normalisation c(n)*log2(n)/n
BASELINE_EC,POW,Feature,Theta,FC5,POW.FC5.Theta,181,2.577875419,0.4023283755,2.228535696,2.23708295,0.4199278499,1.968453958,2.485659556,0.6138015455,0.6321928095,0.1266495212,0.5531687083,0.7112169107,10,8,64,Binned Shannon entropy of the temporal amplitude distribution of FFT-derived POW band-power values; shared baseline/modulation edges,c(n)*log2(n)/n,whole-record median,within-window median,Median-binarised Kaspar-Schuster LZ76 complexity with asymptotic normalisation c(n)*log2(n)/n
BASELINE_EC,POW,Feature,Alpha,FC5,POW.FC5.Alpha,181,4.694864854,0.36523427,3.952362422,3.894265602,0.5086469839,3.61503396,4.397810402,0.5945996021,0.6321928095,0.1129125253,0.5531687083,0.6321928095,10,8,64,Binned Shannon entropy of the temporal amplitude distribution of FFT-derived POW band-power values; shared baseline/modulation edges,c(n)*log2(n)/n,whole-record median,within-window median,Median-binarised Kaspar-Schuster LZ76 complexity with asymptotic normalisation c(n)*log2(n)/n
BASELINE_EC,POW,Feature,BetaL,FC5,POW.FC5.BetaL,181,4.35108815,0.4061328992,3.813894789,3.835388921,0.3931537873,3.554278167,4.05756939,0.5928532132,0.6321928095,0.1116931683,0.5531687083,0.6321928095,10,8,64,Binned Shannon entropy of the temporal amplitude distribution of FFT-derived POW band-power values; shared baseline/modulation edges,c(n)*log2(n)/n,whole-record median,within-window median,Median-binarised Kaspar-Schuster LZ76 complexity with asymptotic normalisation c(n)*log2(n)/n
BASELINE_EC,POW,Feature,BetaH,FC5,POW.FC5.BetaH,181,4.565246924,0.3994749828,3.990161901,3.96568403,0.3550306604,3.734663653,4.25413837,0.6111861297,0.6321928095,0.1039858035,0.5531687083,0.7112169107,10,8,64,Binned Shannon entropy of the temporal amplitude distribution of FFT-derived POW band-power values; shared baseline/modulation edges,c(n)*log2(n)/n,whole-record median,within-window median,Median-binarised Kaspar-Schuster LZ76 complexity with asymptotic normalisation c(n)*log2(n)/n
BASELINE_EC,POW,Feature,Gamma,FC5,POW.FC5.Gamma,181,4.137370581,0.408035161,3.62332336,3.627905355,0.3876651858,3.409936351,3.856723446,0.6177309207,0.6321928095,0.1097573321,0.5531687083,0.7112169107,10,8,64,Binned Shannon entropy of the temporal amplitude distribution of FFT-derived POW band-power values; shared baseline/modulation edges,c(n)*log2(n)/n,whole-record median,within-window median,Median-binarised Kaspar-Schuster LZ76 complexity with asymptotic normalisation c(n)*log2(n)/n
BASELINE_EC,POW,Feature,Theta,FT9,POW.FT9.Theta,181,2.499889377,0.3928170664,2.124750887,2.065209218,0.5068697696,1.808264994,2.416405018,0.5941671726,0.6321928095,0.1129350297,0.5531687083,0.6321928095,10,8,64,Binned Shannon entropy of the temporal amplitude distribution of FFT-derived POW band-power values; shared baseline/modulation edges,c(n)*log2(n)/n,whole-record median,within-window median,Median-binarised Kaspar-Schuster LZ76 complexity with asymptotic normalisation c(n)*log2(n)/n
BASELINE_EC,POW,Feature,Alpha,FT9,POW.FT9.Alpha,181,4.365186155,0.3709410555,3.719334568,3.73764904,0.4657741691,3.419606899,4.030798022,0.5928573808,0.6321928095,0.1156591413,0.5531687083,0.7112169107,10,8,64,Binned Shannon entropy of the temporal amplitude distribution of FFT-derived POW band-power values; shared baseline/modulation edges,c(n)*log2(n)/n,whole-record median,within-window median,Median-binarised Kaspar-Schuster LZ76 complexity with asymptotic normalisation c(n)*log2(n)/n
BASELINE_EC,POW,Feature,BetaL,FT9,POW.FT9.BetaL,181,4.145535922,0.3937681973,3.623449421,3.621650523,0.4222018676,3.346390124,3.936402785,0.6094439084,0.6321928095,0.1085196243,0.5531687083,0.7112169107,10,8,64,Binned Shannon entropy of the temporal amplitude distribution of FFT-derived POW band-power values; shared baseline/modulation edges,c(n)*log2(n)/n,whole-record median,within-window median,Median-binarised Kaspar-Schuster LZ76 complexity with asymptotic normalisation c(n)*log2(n)/n
BASELINE_EC,POW,Feature,BetaH,FT9,POW.FT9.BetaH,181,4.550483749,0.408035161,4.007928051,4.022950199,0.3278444656,3.866350694,4.237214429,0.6225293228,0.6321928095,0.1147026026,0.5531687083,0.7112169107,10,8,64,Binned Shannon entropy of the temporal amplitude distribution of FFT-derived POW band-power values; shared baseline/modulation edges,c(n)*log2(n)/n,whole-record median,within-window median,Median-binarised Kaspar-Schuster LZ76 complexity with asymptotic normalisation c(n)*log2(n)/n
BASELINE_EC,POW,Feature,Gamma,FT9,POW.FT9.Gamma,181,4.272573283,0.4223021247,3.751803427,3.74722493,0.3070473692,3.580683524,3.932769546,0.6225251551,0.6321928095,0.1072315259,0.5531687083,0.7112169107,10,8,64,Binned Shannon entropy of the temporal amplitude distribution of FFT-derived POW band-power values; shared baseline/modulation edges,c(n)*log2(n)/n,whole-record median,within-window median,Median-binarised Kaspar-Schuster LZ76 complexity with asymptotic normalisation c(n)*log2(n)/n
BASELINE_EC,POW,Feature,Theta,T7,POW.T7.Theta,181,2.08567467,0.4127908156,1.800588775,1.818220554,0.3864492947,1.54083462,2.051934765,0.6129325187,0.6321928095,0.1091754904,0.5531687083,0.7112169107,10,8,64,Binned Shannon entropy of the temporal amplitude distribution of FFT-derived POW band-power values; shared baseline/modulation edges,c(n)*log2(n)/n,whole-record median,within-window median,Median-binarised Kaspar-Schuster LZ76 complexity with asymptotic normalisation c(n)*log2(n)/n
BASELINE_EC,POW,Feature,Alpha,T7,POW.T7.Alpha,181,4.504663135,0.3766478409,3.851778962,3.824993104,0.4343111727,3.546157053,4.177218204,0.5963459911,0.5531687083,0.1159021132,0.5531687083,0.6321928095,10,8,64,Binned Shannon entropy of the temporal amplitude distribution of FFT-derived POW band-power values; shared baseline/modulation edges,c(n)*log2(n)/n,whole-record median,within-window median,Median-binarised Kaspar-Schuster LZ76 complexity with asymptotic normalisation c(n)*log2(n)/n
BASELINE_EC,POW,Feature,BetaL,T7,POW.T7.BetaL,181,4.406475293,0.4061328992,3.864416452,3.89909302,0.3856358337,3.626732236,4.121178831,0.5950320317,0.6321928095,0.1072077407,0.5531687083,0.6321928095,10,8,64,Binned Shannon entropy of the temporal amplitude distribution of FFT-derived POW band-power values; shared baseline/modulation edges,c(n)*log2(n)/n,whole-record median,within-window median,Median-binarised Kaspar-Schuster LZ76 complexity with asymptotic normalisation c(n)*log2(n)/n
BASELINE_EC,POW,Feature,BetaH,T7,POW.T7.BetaH,181,4.57544492,0.4156442083,4.03146005,4.051172104,0.3458551742,3.802743317,4.267494234,0.6046330034,0.6321928095,0.1005260279,0.5531687083,0.7112169107,10,8,64,Binned Shannon entropy of the temporal amplitude distribution of FFT-derived POW band-power values; shared baseline/modulation edges,c(n)*log2(n)/n,whole-record median,within-window median,Median-binarised Kaspar-Schuster LZ76 complexity with asymptotic normalisation c(n)*log2(n)/n
BASELINE_EC,POW,Feature,Gamma,T7,POW.T7.Gamma,181,4.258263536,0.4032795064,3.649440344,3.660728874,0.3371550543,3.443427899,3.864588327,0.6159761964,0.6321928095,0.1113597838,0.5531687083,0.7112169107,10,8,64,Binned Shannon entropy of the temporal amplitude distribution of FFT-derived POW band-power values; shared baseline/modulation edges,c(n)*log2(n)/n,whole-record median,within-window median,Median-binarised Kaspar-Schuster LZ76 complexity with asymptotic normalisation c(n)*log2(n)/n
BASELINE_EC,POW,Feature,Theta,CP5,POW.CP5.Theta,181,2.252496536,0.4061328992,1.942077754,1.938636125,0.3927744669,1.71768188,2.179409188,0.6181716857,0.6321928095,0.1121620731,0.5531687083,0.7112169107,10,8,64,Binned Shannon entropy of the temporal amplitude distribution of FFT-derived POW band-power values; shared baseline/modulation edges,c(n)*log2(n)/n,whole-record median,within-window median,Median-binarised Kaspar-Schuster LZ76 complexity with asymptotic normalisation c(n)*log2(n)/n
BASELINE_EC,POW,Feature,Alpha,CP5,POW.CP5.Alpha,181,4.432165119,0.3414559972,3.738401661,3.751475877,0.5313212864,3.354042993,4.120804579,0.5832480738,0.5531687083,0.1164710215,0.4741446071,0.6321928095,10,8,64,Binned Shannon entropy of the temporal amplitude distribution of FFT-derived POW band-power values; shared baseline/modulation edges,c(n)*log2(n)/n,whole-record median,within-window median,Median-binarised Kaspar-Schuster LZ76 complexity with asymptotic normalisation c(n)*log2(n)/n
BASELINE_EC,POW,Feature,BetaL,CP5,POW.CP5.BetaL,181,4.547001797,0.4165953392,3.991897987,4.02902459,0.3998452467,3.761925834,4.255152233,0.6076891841,0.6321928095,0.1045336908,0.5531687083,0.7112169107,10,8,64,Binned Shannon entropy of the temporal amplitude distribution of FFT-derived POW band-power values; shared baseline/modulation edges,c(n)*log2(n)/n,whole-record median,within-window median,Median-binarised Kaspar-Schuster LZ76 complexity with asymptotic normalisation c(n)*log2(n)/n
BASELINE_EC,POW,Feature,BetaH,CP5,POW.CP5.BetaH,181,4.633557383,0.4070840301,4.055231417,4.077018049,0.3478267157,3.809306459,4.314508847,0.6242798794,0.6321928095,0.1037989688,0.5531687083,0.7112169107,10,8,64,Binned Shannon entropy of the temporal amplitude distribution of FFT-derived POW band-power values; shared baseline/modulation edges,c(n)*log2(n)/n,whole-record median,within-window median,Median-binarised Kaspar-Schuster LZ76 complexity with asymptotic normalisation c(n)*log2(n)/n
BASELINE_EC,POW,Feature,Gamma,CP5,POW.CP5.Gamma,181,4.216922159,0.428960041,3.716030634,3.741516734,0.3195297315,3.540788808,3.929749859,0.6225418258,0.6321928095,0.1135770306,0.5531687083,0.7112169107,10,8,64,Binned Shannon entropy of the temporal amplitude distribution of FFT-derived POW band-power values; shared baseline/modulation edges,c(n)*log2(n)/n,whole-record median,within-window median,Median-binarised Kaspar-Schuster LZ76 complexity with asymptotic normalisation c(n)*log2(n)/n
BASELINE_EC,POW,Feature,Theta,CP1,POW.CP1.Theta,181,2.644783819,0.4013772446,2.270226154,2.287524456,0.4499338505,1.978821093,2.564185755,0.6221010608,0.6321928095,0.1163741383,0.5531687083,0.7112169107,10,8,64,Binned Shannon entropy of the temporal amplitude distribution of FFT-derived POW band-power values; shared baseline/modulation edges,c(n)*log2(n)/n,whole-record median,within-window median,Median-binarised Kaspar-Schuster LZ76 complexity with asymptotic normalisation c(n)*log2(n)/n
BASELINE_EC,POW,Feature,Alpha,CP1,POW.CP1.Alpha,181,4.758789875,0.2872415352,3.873620588,3.971764303,0.6952001968,3.359357619,4.403178646,0.5483369649,0.5531687083,0.1146354719,0.4741446071,0.6321928095,10,8,64,Binned Shannon entropy of the temporal amplitude distribution of FFT-derived POW band-power values; shared baseline/modulation edges,c(n)*log2(n)/n,whole-record median,within-window median,Median-binarised Kaspar-Schuster LZ76 complexity with asymptotic normalisation c(n)*log2(n)/n
BASELINE_EC,POW,Feature,BetaL,CP1,POW.CP1.BetaL,181,4.515892295,0.4013772446,3.922967472,3.938191211,0.3918779305,3.699508634,4.223622047,0.6063918954,0.6321928095,0.107038847,0.5531687083,0.7112169107,10,8,64,Binned Shannon entropy of the temporal amplitude distribution of FFT-derived POW band-power values; shared baseline/modulation edges,c(n)*log2(n)/n,whole-record median,within-window median,Median-binarised Kaspar-Schuster LZ76 complexity with asymptotic normalisation c(n)*log2(n)/n
BASELINE_EC,POW,Feature,BetaH,CP1,POW.CP1.BetaH,181,4.54668976,0.3814034955,3.961341427,3.982788667,0.3581320553,3.725123941,4.193944771,0.5976557828,0.6321928095,0.1115581994,0.5531687083,0.6321928095,10,8,64,Binned Shannon entropy of the temporal amplitude distribution of FFT-derived POW band-power values; shared baseline/modulation edges,c(n)*log2(n)/n,whole-record median,within-window median,Median-binarised Kaspar-Schuster LZ76 complexity with asymptotic normalisation c(n)*log2(n)/n
BASELINE_EC,POW,Feature,Gamma,CP1,POW.CP1.Gamma,181,3.017076513,0.3918659355,2.590010661,2.599706573,0.3429649155,2.398847303,2.819172752,0.6225293228,0.6321928095,0.113209298,0.5531687083,0.7112169107,10,8,64,Binned Shannon entropy of the temporal amplitude distribution of FFT-derived POW band-power values; shared baseline/modulation edges,c(n)*log2(n)/n,whole-record median,within-window median,Median-binarised Kaspar-Schuster LZ76 complexity with asymptotic normalisation c(n)*log2(n)/n
BASELINE_EC,POW,Feature,Theta,P3,POW.P3.Theta,181,2.672264293,0.3966215901,2.280808631,2.279468247,0.4449358839,2.029339738,2.585885912,0.6142423105,0.6321928095,0.1198421468,0.5531687083,0.7112169107,10,8,64,Binned Shannon entropy of the temporal amplitude distribution of FFT-derived POW band-power values; shared baseline/modulation edges,c(n)*log2(n)/n,whole-record median,within-window median,Median-binarised Kaspar-Schuster LZ76 complexity with asymptotic normalisation c(n)*log2(n)/n
BASELINE_EC,POW,Feature,Alpha,P3,POW.P3.Alpha,181,4.689838931,0.2739257025,3.790873434,3.876783594,0.7587057983,3.217548118,4.444502121,0.5413347384,0.5531687083,0.1220012019,0.4741446071,0.6321928095,10,8,64,Binned Shannon entropy of the temporal amplitude distribution of FFT-derived POW band-power values; shared baseline/modulation edges,c(n)*log2(n)/n,whole-record median,within-window median,Median-binarised Kaspar-Schuster LZ76 complexity with asymptotic normalisation c(n)*log2(n)/n
BASELINE_EC,POW,Feature,BetaL,P3,POW.P3.BetaL,181,4.129349331,0.4127908156,3.585784191,3.611058112,0.4287361589,3.297285091,3.898133296,0.6002837016,0.6321928095,0.1108349207,0.5531687083,0.7112169107,10,8,64,Binned Shannon entropy of the temporal amplitude distribution of FFT-derived POW band-power values; shared baseline/modulation edges,c(n)*log2(n)/n,whole-record median,within-window median,Median-binarised Kaspar-Schuster LZ76 complexity with asymptotic normalisation c(n)*log2(n)/n
BASELINE_EC,POW,Feature,BetaH,P3,POW.P3.BetaH,181,4.20414649,0.3747455791,3.631168296,3.639239374,0.3711578012,3.367530597,3.881523291,0.6085748816,0.6321928095,0.111486206,0.5531687083,0.7112169107,10,8,64,Binned Shannon entropy of the temporal amplitude distribution of FFT-derived POW band-power values; shared baseline/modulation edges,c(n)*log2(n)/n,whole-record median,within-window median,Median-binarised Kaspar-Schuster LZ76 complexity with asymptotic normalisation c(n)*log2(n)/n
BASELINE_EC,POW,Feature,Gamma,P3,POW.P3.Gamma,181,2.10570679,0.4156442083,1.794282808,1.78949107,0.3264854886,1.576635668,2.029367951,0.6338808511,0.6321928095,0.09961802471,0.5531687083,0.7112169107,10,8,64,Binned Shannon entropy of the temporal amplitude distribution of FFT-derived POW band-power values; shared baseline/modulation edges,c(n)*log2(n)/n,whole-record median,within-window median,Median-binarised Kaspar-Schuster LZ76 complexity with asymptotic normalisation c(n)*log2(n)/n
BASELINE_EC,POW,Feature,Theta,P7,POW.P7.Theta,181,1.498057387,0.4013772446,1.266321354,1.247556249,0.4167532465,0.9837082626,1.539084541,0.5945912668,0.6321928095,0.1022171635,0.5531687083,0.6321928095,10,8,64,Binned Shannon entropy of the temporal amplitude distribution of FFT-derived POW band-power values; shared baseline/modulation edges,c(n)*log2(n)/n,whole-record median,within-window median,Median-binarised Kaspar-Schuster LZ76 complexity with asymptotic normalisation c(n)*log2(n)/n
BASELINE_EC,POW,Feature,Alpha,P7,POW.P7.Alpha,181,4.601598849,0.2938994516,3.764276848,3.884717074,0.6770971254,3.366712849,4.242005484,0.5496384213,0.5531687083,0.1145147607,0.4741446071,0.6321928095,10,8,64,Binned Shannon entropy of the temporal amplitude distribution of FFT-derived POW band-power values; shared baseline/modulation edges,c(n)*log2(n)/n,whole-record median,within-window median,Median-binarised Kaspar-Schuster LZ76 complexity with asymptotic normalisation c(n)*log2(n)/n
BASELINE_EC,POW,Feature,BetaL,P7,POW.P7.BetaL,181,3.014443369,0.3956704591,2.606934622,2.642111247,0.407085585,2.316687012,2.881238935,0.6076975195,0.6321928095,0.1106735644,0.5531687083,0.7112169107,10,8,64,Binned Shannon entropy of the temporal amplitude distribution of FFT-derived POW band-power values; shared baseline/modulation edges,c(n)*log2(n)/n,whole-record median,within-window median,Median-binarised Kaspar-Schuster LZ76 complexity with asymptotic normalisation c(n)*log2(n)/n
BASELINE_EC,POW,Feature,BetaH,P7,POW.P7.BetaH,181,2.552036119,0.3814034955,2.188924408,2.173001817,0.3377464662,1.952555813,2.437244481,0.619913907,0.6321928095,0.1238218699,0.5531687083,0.7112169107,10,8,64,Binned Shannon entropy of the temporal amplitude distribution of FFT-derived POW band-power values; shared baseline/modulation edges,c(n)*log2(n)/n,whole-record median,within-window median,Median-binarised Kaspar-Schuster LZ76 complexity with asymptotic normalisation c(n)*log2(n)/n
BASELINE_EC,POW,Feature,Gamma,P7,POW.P7.Gamma,181,1.33386469,0.3747455791,0.958329141,0.9671988883,0.2374014812,0.8485481783,1.024069027,0.6229700877,0.6321928095,0.1074568197,0.5531687083,0.7112169107,10,8,64,Binned Shannon entropy of the temporal amplitude distribution of FFT-derived POW band-power values; shared baseline/modulation edges,c(n)*log2(n)/n,whole-record median,within-window median,Median-binarised Kaspar-Schuster LZ76 complexity with asymptotic normalisation c(n)*log2(n)/n
BASELINE_EC,POW,Feature,Theta,PO9,POW.PO9.Theta,181,1.758019156,0.3985238519,1.485840733,1.436062804,0.5081106014,1.141810511,1.839971804,0.5967784207,0.5531687083,0.1137510296,0.5531687083,0.7112169107,10,8,64,Binned Shannon entropy of the temporal amplitude distribution of FFT-derived POW band-power values; shared baseline/modulation edges,c(n)*log2(n)/n,whole-record median,within-window median,Median-binarised Kaspar-Schuster LZ76 complexity with asymptotic normalisation c(n)*log2(n)/n
BASELINE_EC,POW,Feature,Alpha,PO9,POW.PO9.Alpha,181,4.915647063,0.3100686771,4.078690558,4.188191211,0.5595910198,3.827181643,4.481198333,0.5483369649,0.5531687083,0.1193795611,0.4741446071,0.6321928095,10,8,64,Binned Shannon entropy of the temporal amplitude distribution of FFT-derived POW band-power values; shared baseline/modulation edges,c(n)*log2(n)/n,whole-record median,within-window median,Median-binarised Kaspar-Schuster LZ76 complexity with asymptotic normalisation c(n)*log2(n)/n
BASELINE_EC,POW,Feature,BetaL,PO9,POW.PO9.BetaL,181,4.547927106,0.4013772446,3.954855592,3.969030429,0.4013944353,3.732692129,4.230595803,0.6090073112,0.6321928095,0.1154130908,0.5531687083,0.7112169107,10,8,64,Binned Shannon entropy of the temporal amplitude distribution of FFT-derived POW band-power values; shared baseline/modulation edges,c(n)*log2(n)/n,whole-record median,within-window median,Median-binarised Kaspar-Schuster LZ76 complexity with asymptotic normalisation c(n)*log2(n)/n
BASELINE_EC,POW,Feature,BetaH,PO9,POW.PO9.BetaH,181,4.218303019,0.3966215901,3.650611463,3.692328378,0.3204850701,3.439099577,3.870164967,0.6177309207,0.6321928095,0.1159068902,0.5531687083,0.7112169107,10,8,64,Binned Shannon entropy of the temporal amplitude distribution of FFT-derived POW band-power values; shared baseline/modulation edges,c(n)*log2(n)/n,whole-record median,within-window median,Median-binarised Kaspar-Schuster LZ76 complexity with asymptotic normalisation c(n)*log2(n)/n
BASELINE_EC,POW,Feature,Gamma,PO9,POW.PO9.Gamma,181,3.535552391,0.2929483207,2.592020742,2.607984807,0.4805924161,2.227108551,2.907657111,0.636068005,0.6321928095,0.114040054,0.5531687083,0.7112169107,10,8,64,Binned Shannon entropy of the temporal amplitude distribution of FFT-derived POW band-power values; shared baseline/modulation edges,c(n)*log2(n)/n,whole-record median,within-window median,Median-binarised Kaspar-Schuster LZ76 complexity with asymptotic normalisation c(n)*log2(n)/n
BASELINE_EC,POW,Feature,Theta,O1,POW.O1.Theta,181,1.754255025,0.3937681973,1.471515553,1.44721833,0.4410064204,1.196426395,1.735680815,0.6124959215,0.6321928095,0.113308896,0.5531687083,0.7112169107,10,8,64,Binned Shannon entropy of the temporal amplitude distribution of FFT-derived POW band-power values; shared baseline/modulation edges,c(n)*log2(n)/n,whole-record median,within-window median,Median-binarised Kaspar-Schuster LZ76 complexity with asymptotic normalisation c(n)*log2(n)/n
BASELINE_EC,POW,Feature,Alpha,O1,POW.O1.Alpha,181,4.938505056,0.2739257025,3.950916593,4.089622627,0.7660512068,3.521562084,4.536077827,0.5404782145,0.5531687083,0.1280733182,0.4741446071,0.6321928095,10,8,64,Binned Shannon entropy of the temporal amplitude distribution of FFT-derived POW band-power values; shared baseline/modulation edges,c(n)*log2(n)/n,whole-record median,within-window median,Median-binarised Kaspar-Schuster LZ76 complexity with asymptotic normalisation c(n)*log2(n)/n
BASELINE_EC,POW,Feature,BetaL,O1,POW.O1.BetaL,181,2.615691941,0.3899636737,2.25262141,2.243674538,0.4277140767,1.967439897,2.618522359,0.6015893257,0.6321928095,0.1094663033,0.5531687083,0.7112169107,10,8,64,Binned Shannon entropy of the temporal amplitude distribution of FFT-derived POW band-power values; shared baseline/modulation edges,c(n)*log2(n)/n,whole-record median,within-window median,Median-binarised Kaspar-Schuster LZ76 complexity with asymptotic normalisation c(n)*log2(n)/n
BASELINE_EC,POW,Feature,BetaH,O1,POW.O1.BetaH,181,2.99338913,0.343358259,2.488966665,2.503347927,0.3937171887,2.278131489,2.751746695,0.5976599505,0.6321928095,0.1202594132,0.5531687083,0.6321928095,10,8,64,Binned Shannon entropy of the temporal amplitude distribution of FFT-derived POW band-power values; shared baseline/modulation edges,c(n)*log2(n)/n,whole-record median,within-window median,Median-binarised Kaspar-Schuster LZ76 complexity with asymptotic normalisation c(n)*log2(n)/n
BASELINE_EC,POW,Feature,Gamma,O1,POW.O1.Gamma,181,2.442178244,0.3994749828,2.054666856,2.080754003,0.3685675015,1.801085745,2.306891704,0.6172943235,0.6321928095,0.1069519569,0.5531687083,0.7112169107,10,8,64,Binned Shannon entropy of the temporal amplitude distribution of FFT-derived POW band-power values; shared baseline/modulation edges,c(n)*log2(n)/n,whole-record median,within-window median,Median-binarised Kaspar-Schuster LZ76 complexity with asymptotic normalisation c(n)*log2(n)/n
BASELINE_EC,POW,Feature,Theta,Pz,POW.Pz.Theta,181,2.113675393,0.3985238519,1.803040837,1.805875438,0.4364657366,1.528184379,2.102949924,0.6255980065,0.6321928095,0.1187093618,0.5531687083,0.7112169107,10,8,64,Binned Shannon entropy of the temporal amplitude distribution of FFT-derived POW band-power values; shared baseline/modulation edges,c(n)*log2(n)/n,whole-record median,within-window median,Median-binarised Kaspar-Schuster LZ76 complexity with asymptotic normalisation c(n)*log2(n)/n
BASELINE_EC,POW,Feature,Alpha,Pz,POW.Pz.Alpha,181,4.739987813,0.2853392734,3.844436726,3.989945521,0.7295939325,3.30402459,4.40362856,0.5378586311,0.5531687083,0.116121317,0.4741446071,0.6321928095,10,8,64,Binned Shannon entropy of the temporal amplitude distribution of FFT-derived POW band-power values; shared baseline/modulation edges,c(n)*log2(n)/n,whole-record median,within-window median,Median-binarised Kaspar-Schuster LZ76 complexity with asymptotic normalisation c(n)*log2(n)/n
BASELINE_EC,POW,Feature,BetaL,Pz,POW.Pz.BetaL,181,4.623076008,0.4099374228,4.015028884,4.023421891,0.3815126736,3.77076056,4.322627305,0.6125042568,0.6321928095,0.1040907279,0.5531687083,0.7112169107,10,8,64,Binned Shannon entropy of the temporal amplitude distribution of FFT-derived POW band-power values; shared baseline/modulation edges,c(n)*log2(n)/n,whole-record median,within-window median,Median-binarised Kaspar-Schuster LZ76 complexity with asymptotic normalisation c(n)*log2(n)/n
BASELINE_EC,POW,Feature,BetaH,Pz,POW.Pz.BetaH,181,4.77808979,0.38615915,4.130072332,4.159233323,0.3394483158,3.926966691,4.364588327,0.6090114789,0.6321928095,0.1135813982,0.5531687083,0.7112169107,10,8,64,Binned Shannon entropy of the temporal amplitude distribution of FFT-derived POW band-power values; shared baseline/modulation edges,c(n)*log2(n)/n,whole-record median,within-window median,Median-binarised Kaspar-Schuster LZ76 complexity with asymptotic normalisation c(n)*log2(n)/n
BASELINE_EC,POW,Feature,Gamma,Pz,POW.Pz.Gamma,181,4.567954947,0.4070840301,3.946111947,3.986689316,0.3827139324,3.713865122,4.224198517,0.6225376581,0.6321928095,0.1012706187,0.5531687083,0.7112169107,10,8,64,Binned Shannon entropy of the temporal amplitude distribution of FFT-derived POW band-power values; shared baseline/modulation edges,c(n)*log2(n)/n,whole-record median,within-window median,Median-binarised Kaspar-Schuster LZ76 complexity with asymptotic normalisation c(n)*log2(n)/n
BASELINE_EC,POW,Feature,Theta,Oz,POW.Oz.Theta,181,2.68638436,0.3937681973,2.287607982,2.283876049,0.4637929282,2.030681982,2.585948151,0.6129366864,0.6321928095,0.1135581474,0.5531687083,0.7112169107,10,8,64,Binned Shannon entropy of the temporal amplitude distribution of FFT-derived POW band-power values; shared baseline/modulation edges,c(n)*log2(n)/n,whole-record median,within-window median,Median-binarised Kaspar-Schuster LZ76 complexity with asymptotic normalisation c(n)*log2(n)/n
BASELINE_EC,POW,Feature,Alpha,Oz,POW.Oz.Alpha,181,4.731141148,0.2634632625,3.798294976,3.935554777,0.7672305932,3.375612156,4.385554777,0.5356756449,0.5531687083,0.1156609712,0.4741446071,0.6321928095,10,8,64,Binned Shannon entropy of the temporal amplitude distribution of FFT-derived POW band-power values; shared baseline/modulation edges,c(n)*log2(n)/n,whole-record median,within-window median,Median-binarised Kaspar-Schuster LZ76 complexity with asymptotic normalisation c(n)*log2(n)/n
BASELINE_EC,POW,Feature,BetaL,Oz,POW.Oz.BetaL,181,4.167735365,0.3985238519,3.625806432,3.637253009,0.4137367672,3.347022514,3.921275552,0.6046455064,0.6321928095,0.116252398,0.5531687083,0.7112169107,10,8,64,Binned Shannon entropy of the temporal amplitude distribution of FFT-derived POW band-power values; shared baseline/modulation edges,c(n)*log2(n)/n,whole-record median,within-window median,Median-binarised Kaspar-Schuster LZ76 complexity with asymptotic normalisation c(n)*log2(n)/n
BASELINE_EC,POW,Feature,BetaH,Oz,POW.Oz.BetaH,181,4.834997069,0.3623808772,4.092844735,4.105475128,0.3801996925,3.883180879,4.363662903,0.6007202989,0.6321928095,0.1282110806,0.4741446071,0.7112169107,10,8,64,Binned Shannon entropy of the temporal amplitude distribution of FFT-derived POW band-power values; shared baseline/modulation edges,c(n)*log2(n)/n,whole-record median,within-window median,Median-binarised Kaspar-Schuster LZ76 complexity with asymptotic normalisation c(n)*log2(n)/n
BASELINE_EC,POW,Feature,Gamma,Oz,POW.Oz.Gamma,181,4.503712361,0.37569671,3.856168101,3.893593755,0.3770196418,3.647898123,4.074198517,0.6212362017,0.6321928095,0.1104997337,0.5531687083,0.7112169107,10,8,64,Binned Shannon entropy of the temporal amplitude distribution of FFT-derived POW band-power values; shared baseline/modulation edges,c(n)*log2(n)/n,whole-record median,within-window median,Median-binarised Kaspar-Schuster LZ76 complexity with asymptotic normalisation c(n)*log2(n)/n
BASELINE_EC,POW,Feature,Theta,O2,POW.O2.Theta,181,2.783631706,0.3880614119,2.348238728,2.367778307,0.4994845051,2.030567768,2.725448899,0.6085665463,0.6321928095,0.1098996805,0.5531687083,0.7112169107,10,8,64,Binned Shannon entropy of the temporal amplitude distribution of FFT-derived POW band-power values; shared baseline/modulation edges,c(n)*log2(n)/n,whole-record median,within-window median,Median-binarised Kaspar-Schuster LZ76 complexity with asymptotic normalisation c(n)*log2(n)/n
BASELINE_EC,POW,Feature,Alpha,O2,POW.O2.Alpha,181,4.743995786,0.2672677861,3.79577183,3.978903915,0.785910839,3.311639303,4.394502121,0.544844187,0.5531687083,0.1183093915,0.4741446071,0.6321928095,10,8,64,Binned Shannon entropy of the temporal amplitude distribution of FFT-derived POW band-power values; shared baseline/modulation edges,c(n)*log2(n)/n,whole-record median,within-window median,Median-binarised Kaspar-Schuster LZ76 complexity with asymptotic normalisation c(n)*log2(n)/n
BASELINE_EC,POW,Feature,BetaL,O2,POW.O2.BetaL,181,4.387843179,0.3909148046,3.761869492,3.767851428,0.4444769748,3.485240123,4.076011248,0.6089989759,0.6321928095,0.1049614044,0.5531687083,0.7112169107,10,8,64,Binned Shannon entropy of the temporal amplitude distribution of FFT-derived POW band-power values; shared baseline/modulation edges,c(n)*log2(n)/n,whole-record median,within-window median,Median-binarised Kaspar-Schuster LZ76 complexity with asymptotic normalisation c(n)*log2(n)/n
BASELINE_EC,POW,Feature,BetaH,O2,POW.O2.BetaH,181,4.941795443,0.3376514736,4.104575436,4.143847331,0.4401133379,3.833381035,4.387851258,0.5849944628,0.5531687083,0.1162794094,0.4741446071,0.6321928095,10,8,64,Binned Shannon entropy of the temporal amplitude distribution of FFT-derived POW band-power values; shared baseline/modulation edges,c(n)*log2(n)/n,whole-record median,within-window median,Median-binarised Kaspar-Schuster LZ76 complexity with asymptotic normalisation c(n)*log2(n)/n
BASELINE_EC,POW,Feature,Gamma,O2,POW.O2.Gamma,181,4.777292679,0.279632488,3.687695352,3.701643797,0.521746622,3.337735218,4.082246496,0.6225501611,0.6321928095,0.115707377,0.5531687083,0.7112169107,10,8,64,Binned Shannon entropy of the temporal amplitude distribution of FFT-derived POW band-power values; shared baseline/modulation edges,c(n)*log2(n)/n,whole-record median,within-window median,Median-binarised Kaspar-Schuster LZ76 complexity with asymptotic normalisation c(n)*log2(n)/n
BASELINE_EC,POW,Feature,Theta,PO10,POW.PO10.Theta,181,1.877704672,0.3880614119,1.551266819,1.543237062,0.4997712861,1.229165197,1.882158199,0.6268952952,0.6321928095,0.1171096431,0.5531687083,0.7112169107,10,8,64,Binned Shannon entropy of the temporal amplitude distribution of FFT-derived POW band-power values; shared baseline/modulation edges,c(n)*log2(n)/n,whole-record median,within-window median,Median-binarised Kaspar-Schuster LZ76 complexity with asymptotic normalisation c(n)*log2(n)/n
BASELINE_EC,POW,Feature,Alpha,PO10,POW.PO10.Alpha,181,5.024680548,0.3148243317,4.147620674,4.290957321,0.5134587981,3.882771609,4.485354622,0.556199883,0.5531687083,0.1214553465,0.4741446071,0.6321928095,10,8,64,Binned Shannon entropy of the temporal amplitude distribution of FFT-derived POW band-power values; shared baseline/modulation edges,c(n)*log2(n)/n,whole-record median,within-window median,Median-binarised Kaspar-Schuster LZ76 complexity with asymptotic normalisation c(n)*log2(n)/n
BASELINE_EC,POW,Feature,BetaL,PO10,POW.PO10.BetaL,181,4.503164448,0.4223021247,3.931120647,3.971273489,0.4056598353,3.680360629,4.171562084,0.6255938388,0.6321928095,0.09963943834,0.5531687083,0.7112169107,10,8,64,Binned Shannon entropy of the temporal amplitude distribution of FFT-derived POW band-power values; shared baseline/modulation edges,c(n)*log2(n)/n,whole-record median,within-window median,Median-binarised Kaspar-Schuster LZ76 complexity with asymptotic normalisation c(n)*log2(n)/n
BASELINE_EC,POW,Feature,BetaH,PO10,POW.PO10.BetaH,181,5.152742687,0.397572721,4.436762658,4.450629933,0.2969385896,4.265145676,4.648622047,0.6081382844,0.6321928095,0.1170292915,0.5531687083,0.7112169107,10,8,64,Binned Shannon entropy of the temporal amplitude distribution of FFT-derived POW band-power values; shared baseline/modulation edges,c(n)*log2(n)/n,whole-record median,within-window median,Median-binarised Kaspar-Schuster LZ76 complexity with asymptotic normalisation c(n)*log2(n)/n
BASELINE_EC,POW,Feature,Gamma,PO10,POW.PO10.Gamma,181,4.885603863,0.353820699,3.987420184,4.03891648,0.4457579241,3.715810587,4.247810402,0.6164252967,0.6321928095,0.1035565703,0.5531687083,0.7112169107,10,8,64,Binned Shannon entropy of the temporal amplitude distribution of FFT-derived POW band-power values; shared baseline/modulation edges,c(n)*log2(n)/n,whole-record median,within-window median,Median-binarised Kaspar-Schuster LZ76 complexity with asymptotic normalisation c(n)*log2(n)/n
BASELINE_EC,POW,Feature,Theta,P8,POW.P8.Theta,181,3.549408253,0.3775989718,2.990647251,2.964525708,0.5246470742,2.628692879,3.414998942,0.6177309207,0.6321928095,0.1071741776,0.5531687083,0.7112169107,10,8,64,Binned Shannon entropy of the temporal amplitude distribution of FFT-derived POW band-power values; shared baseline/modulation edges,c(n)*log2(n)/n,whole-record median,within-window median,Median-binarised Kaspar-Schuster LZ76 complexity with asymptotic normalisation c(n)*log2(n)/n
BASELINE_EC,POW,Feature,Alpha,P8,POW.P8.Alpha,181,4.898733532,0.3024596298,3.976361798,4.114822782,0.6228205946,3.679751923,4.452567157,0.5496509243,0.5531687083,0.1330305757,0.4741446071,0.6321928095,10,8,64,Binned Shannon entropy of the temporal amplitude distribution of FFT-derived POW band-power values; shared baseline/modulation edges,c(n)*log2(n)/n,whole-record median,within-window median,Median-binarised Kaspar-Schuster LZ76 complexity with asymptotic normalisation c(n)*log2(n)/n
BASELINE_EC,POW,Feature,BetaL,P8,POW.P8.BetaL,181,4.216826191,0.3947193282,3.641558181,3.630475128,0.4232663173,3.383346016,3.949508634,0.616421129,0.6321928095,0.1109676493,0.5531687083,0.7112169107,10,8,64,Binned Shannon entropy of the temporal amplitude distribution of FFT-derived POW band-power values; shared baseline/modulation edges,c(n)*log2(n)/n,whole-record median,within-window median,Median-binarised Kaspar-Schuster LZ76 complexity with asymptotic normalisation c(n)*log2(n)/n
BASELINE_EC,POW,Feature,BetaH,P8,POW.P8.BetaH,181,5.002325597,0.35477183,4.241283081,4.292930908,0.3737819019,4.005509427,4.510554777,0.5980882124,0.6321928095,0.1161114635,0.5531687083,0.6321928095,10,8,64,Binned Shannon entropy of the temporal amplitude distribution of FFT-derived POW band-power values; shared baseline/modulation edges,c(n)*log2(n)/n,whole-record median,within-window median,Median-binarised Kaspar-Schuster LZ76 complexity with asymptotic normalisation c(n)*log2(n)/n
BASELINE_EC,POW,Feature,Gamma,P8,POW.P8.Gamma,181,4.944877955,0.3661854009,4.116273413,4.167930908,0.4003648622,3.903938214,4.38712599,0.6090031435,0.6321928095,0.1153980784,0.5531687083,0.7112169107,10,8,64,Binned Shannon entropy of the temporal amplitude distribution of FFT-derived POW band-power values; shared baseline/modulation edges,c(n)*log2(n)/n,whole-record median,within-window median,Median-binarised Kaspar-Schuster LZ76 complexity with asymptotic normalisation c(n)*log2(n)/n
BASELINE_EC,POW,Feature,Theta,P4,POW.P4.Theta,181,2.785636463,0.3956704591,2.376097359,2.363209503,0.4540182574,2.075800226,2.663371835,0.6107537002,0.6321928095,0.1136230712,0.5531687083,0.7112169107,10,8,64,Binned Shannon entropy of the temporal amplitude distribution of FFT-derived POW band-power values; shared baseline/modulation edges,c(n)*log2(n)/n,whole-record median,within-window median,Median-binarised Kaspar-Schuster LZ76 complexity with asymptotic normalisation c(n)*log2(n)/n
BASELINE_EC,POW,Feature,Alpha,P4,POW.P4.Alpha,181,4.61587413,0.2758279643,3.717631536,3.86664829,0.77863244,3.189521146,4.310554777,0.5522580048,0.5531687083,0.1148682522,0.4741446071,0.6321928095,10,8,64,Binned Shannon entropy of the temporal amplitude distribution of FFT-derived POW band-power values; shared baseline/modulation edges,c(n)*log2(n)/n,whole-record median,within-window median,Median-binarised Kaspar-Schuster LZ76 complexity with asymptotic normalisation c(n)*log2(n)/n
BASELINE_EC,POW,Feature,BetaL,P4,POW.P4.BetaL,181,4.39077188,0.3956704591,3.805326587,3.792642313,0.4221239988,3.539635867,4.111803096,0.6085748816,0.6321928095,0.1083478733,0.5531687083,0.7112169107,10,8,64,Binned Shannon entropy of the temporal amplitude distribution of FFT-derived POW band-power values; shared baseline/modulation edges,c(n)*log2(n)/n,whole-record median,within-window median,Median-binarised Kaspar-Schuster LZ76 complexity with asymptotic normalisation c(n)*log2(n)/n
BASELINE_EC,POW,Feature,BetaH,P4,POW.P4.BetaH,181,4.763605546,0.3775989718,4.063896807,4.052978491,0.3713951094,3.802455441,4.340434271,0.6042047415,0.6321928095,0.1066075306,0.5531687083,0.7112169107,10,8,64,Binned Shannon entropy of the temporal amplitude distribution of FFT-derived POW band-power values; shared baseline/modulation edges,c(n)*log2(n)/n,whole-record median,within-window median,Median-binarised Kaspar-Schuster LZ76 complexity with asymptotic normalisation c(n)*log2(n)/n
BASELINE_EC,POW,Feature,Gamma,P4,POW.P4.Gamma,181,4.515270123,0.4108885537,3.927654118,3.956774804,0.347418425,3.720601641,4.182535091,0.61467474,0.6321928095,0.105595666,0.5531687083,0.7112169107,10,8,64,Binned Shannon entropy of the temporal amplitude distribution of FFT-derived POW band-power values; shared baseline/modulation edges,c(n)*log2(n)/n,whole-record median,within-window median,Median-binarised Kaspar-Schuster LZ76 complexity with asymptotic normalisation c(n)*log2(n)/n
BASELINE_EC,POW,Feature,Theta,CP2,POW.CP2.Theta,181,2.713166684,0.397572721,2.346268849,2.328638464,0.4184876109,2.055355943,2.631811167,0.6133732836,0.6321928095,0.1119399023,0.5531687083,0.7112169107,10,8,64,Binned Shannon entropy of the temporal amplitude distribution of FFT-derived POW band-power values; shared baseline/modulation edges,c(n)*log2(n)/n,whole-record median,within-window median,Median-binarised Kaspar-Schuster LZ76 complexity with asymptotic normalisation c(n)*log2(n)/n
BASELINE_EC,POW,Feature,Alpha,CP2,POW.CP2.Alpha,181,4.662988943,0.2843881425,3.796341969,3.941482434,0.7003598481,3.325063583,4.323421891,0.5518214076,0.5531687083,0.116810693,0.4741446071,0.6321928095,10,8,64,Binned Shannon entropy of the temporal amplitude distribution of FFT-derived POW band-power values; shared baseline/modulation edges,c(n)*log2(n)/n,whole-record median,within-window median,Median-binarised Kaspar-Schuster LZ76 complexity with asymptotic normalisation c(n)*log2(n)/n
BASELINE_EC,POW,Feature,BetaL,CP2,POW.CP2.BetaL,181,4.583709191,0.408035161,3.973316534,3.986568641,0.3877659081,3.705003435,4.264239374,0.6050821037,0.6321928095,0.1131815142,0.5531687083,0.7112169107,10,8,64,Binned Shannon entropy of the temporal amplitude distribution of FFT-derived POW band-power values; shared baseline/modulation edges,c(n)*log2(n)/n,whole-record median,within-window median,Median-binarised Kaspar-Schuster LZ76 complexity with asymptotic normalisation c(n)*log2(n)/n
BASELINE_EC,POW,Feature,BetaH,CP2,POW.CP2.BetaH,181,4.663598058,0.3833057573,4.051745166,4.077367002,0.3271590137,3.834482619,4.281200396,0.6055145332,0.6321928095,0.1193621747,0.5531687083,0.7112169107,10,8,64,Binned Shannon entropy of the temporal amplitude distribution of FFT-derived POW band-power values; shared baseline/modulation edges,c(n)*log2(n)/n,whole-record median,within-window median,Median-binarised Kaspar-Schuster LZ76 complexity with asymptotic normalisation c(n)*log2(n)/n
BASELINE_EC,POW,Feature,Gamma,CP2,POW.CP2.Gamma,181,4.62201318,0.4070840301,4.00246978,4.022575947,0.3608843456,3.800106883,4.234306459,0.6260221007,0.6321928095,0.1052228923,0.5531687083,0.7112169107,10,8,64,Binned Shannon entropy of the temporal amplitude distribution of FFT-derived POW band-power values; shared baseline/modulation edges,c(n)*log2(n)/n,whole-record median,within-window median,Median-binarised Kaspar-Schuster LZ76 complexity with asymptotic normalisation c(n)*log2(n)/n
BASELINE_EC,POW,Feature,Theta,CP6,POW.CP6.Theta,181,3.428377313,0.3880614119,2.944022879,2.915718344,0.4813189962,2.648694773,3.244151625,0.5994021718,0.6321928095,0.107703115,0.5531687083,0.6321928095,10,8,64,Binned Shannon entropy of the temporal amplitude distribution of FFT-derived POW band-power values; shared baseline/modulation edges,c(n)*log2(n)/n,whole-record median,within-window median,Median-binarised Kaspar-Schuster LZ76 complexity with asymptotic normalisation c(n)*log2(n)/n
BASELINE_EC,POW,Feature,Alpha,CP6,POW.CP6.Alpha,181,4.177244448,0.3414559972,3.466053722,3.526729454,0.614650592,3.031985982,3.914656926,0.5801918931,0.5531687083,0.1055413687,0.5478882719,0.6321928095,10,8,64,Binned Shannon entropy of the temporal amplitude distribution of FFT-derived POW band-power values; shared baseline/modulation edges,c(n)*log2(n)/n,whole-record median,within-window median,Median-binarised Kaspar-Schuster LZ76 complexity with asymptotic normalisation c(n)*log2(n)/n
BASELINE_EC,POW,Feature,BetaL,CP6,POW.CP6.BetaL,181,4.213862084,0.4213509938,3.691839428,3.691193839,0.3800658911,3.469504184,3.921650523,0.6129366864,0.6321928095,0.1110990346,0.5531687083,0.7112169107,10,8,64,Binned Shannon entropy of the temporal amplitude distribution of FFT-derived POW band-power values; shared baseline/modulation edges,c(n)*log2(n)/n,whole-record median,within-window median,Median-binarised Kaspar-Schuster LZ76 complexity with asymptotic normalisation c(n)*log2(n)/n
BASELINE_EC,POW,Feature,BetaH,CP6,POW.CP6.BetaH,181,4.576940377,0.3842568882,3.946945084,3.977053067,0.3541804049,3.689656926,4.207246496,0.6007161312,0.6321928095,0.1104803575,0.5531687083,0.7112169107,10,8,64,Binned Shannon entropy of the temporal amplitude distribution of FFT-derived POW band-power values; shared baseline/modulation edges,c(n)*log2(n)/n,whole-record median,within-window median,Median-binarised Kaspar-Schuster LZ76 complexity with asymptotic normalisation c(n)*log2(n)/n
BASELINE_EC,POW,Feature,Gamma,CP6,POW.CP6.Gamma,181,4.523305756,0.4165953392,3.9354193,3.964422471,0.354932004,3.74502517,4.13712599,0.6146664047,0.6321928095,0.110667095,0.5531687083,0.7112169107,10,8,64,Binned Shannon entropy of the temporal amplitude distribution of FFT-derived POW band-power values; shared baseline/modulation edges,c(n)*log2(n)/n,whole-record median,within-window median,Median-binarised Kaspar-Schuster LZ76 complexity with asymptotic normalisation c(n)*log2(n)/n
BASELINE_EC,POW,Feature,Theta,T8,POW.T8.Theta,181,2.442249252,0.4042306374,2.072869241,2.05664603,0.5143002138,1.761658748,2.363824069,0.5980798771,0.626158025,0.1010818292,0.5531687083,0.6321928095,10,8,64,Binned Shannon entropy of the temporal amplitude distribution of FFT-derived POW band-power values; shared baseline/modulation edges,c(n)*log2(n)/n,whole-record median,within-window median,Median-binarised Kaspar-Schuster LZ76 complexity with asymptotic normalisation c(n)*log2(n)/n
BASELINE_EC,POW,Feature,Alpha,T8,POW.T8.Alpha,181,3.763019159,0.4004261137,3.27552505,3.30655759,0.4399360388,2.968120308,3.59563666,0.6133732836,0.6321928095,0.1100406635,0.5531687083,0.7112169107,10,8,64,Binned Shannon entropy of the temporal amplitude distribution of FFT-derived POW band-power values; shared baseline/modulation edges,c(n)*log2(n)/n,whole-record median,within-window median,Median-binarised Kaspar-Schuster LZ76 complexity with asymptotic normalisation c(n)*log2(n)/n
BASELINE_EC,POW,Feature,BetaL,T8,POW.T8.BetaL,181,4.14516823,0.4203998628,3.624897029,3.630959341,0.397906623,3.419063186,3.880649224,0.6229700877,0.6321928095,0.1034845565,0.5531687083,0.7112169107,10,8,64,Binned Shannon entropy of the temporal amplitude distribution of FFT-derived POW band-power values; shared baseline/modulation edges,c(n)*log2(n)/n,whole-record median,within-window median,Median-binarised Kaspar-Schuster LZ76 complexity with asymptotic normalisation c(n)*log2(n)/n
BASELINE_EC,POW,Feature,BetaH,T8,POW.T8.BetaH,181,4.610352653,0.4099374228,4.055823349,4.0718289,0.3170957751,3.828738059,4.285877671,0.6111736267,0.6321928095,0.1012109566,0.5531687083,0.7112169107,10,8,64,Binned Shannon entropy of the temporal amplitude distribution of FFT-derived POW band-power values; shared baseline/modulation edges,c(n)*log2(n)/n,whole-record median,within-window median,Median-binarised Kaspar-Schuster LZ76 complexity with asymptotic normalisation c(n)*log2(n)/n
BASELINE_EC,POW,Feature,Gamma,T8,POW.T8.Gamma,181,4.475714684,0.4203998628,3.949870465,3.956051598,0.2910221471,3.780526485,4.143979071,0.6290866168,0.6321928095,0.1158485866,0.5531687083,0.7112169107,10,8,64,Binned Shannon entropy of the temporal amplitude distribution of FFT-derived POW band-power values; shared baseline/modulation edges,c(n)*log2(n)/n,whole-record median,within-window median,Median-binarised Kaspar-Schuster LZ76 complexity with asymptotic normalisation c(n)*log2(n)/n
BASELINE_EC,POW,Feature,Theta,FT10,POW.FT10.Theta,181,2.489280614,0.4042306374,2.131258312,2.13164199,0.5147493204,1.775999311,2.534035064,0.5911068242,0.5531687083,0.1113710732,0.5478882719,0.6321928095,10,8,64,Binned Shannon entropy of the temporal amplitude distribution of FFT-derived POW band-power values; shared baseline/modulation edges,c(n)*log2(n)/n,whole-record median,within-window median,Median-binarised Kaspar-Schuster LZ76 complexity with asymptotic normalisation c(n)*log2(n)/n
BASELINE_EC,POW,Feature,Alpha,FT10,POW.FT10.Alpha,181,3.91706616,0.3890125428,3.415280121,3.430453349,0.4392246995,3.182782588,3.688785642,0.596774253,0.6321928095,0.1007850286,0.5531687083,0.6321928095,10,8,64,Binned Shannon entropy of the temporal amplitude distribution of FFT-derived POW band-power values; shared baseline/modulation edges,c(n)*log2(n)/n,whole-record median,within-window median,Median-binarised Kaspar-Schuster LZ76 complexity with asymptotic normalisation c(n)*log2(n)/n
BASELINE_EC,POW,Feature,BetaL,FT10,POW.FT10.BetaL,181,3.941597458,0.4146930774,3.471697005,3.490776287,0.4102044106,3.195993854,3.755614925,0.6133774513,0.6321928095,0.09948503984,0.5531687083,0.7112169107,10,8,64,Binned Shannon entropy of the temporal amplitude distribution of FFT-derived POW band-power values; shared baseline/modulation edges,c(n)*log2(n)/n,whole-record median,within-window median,Median-binarised Kaspar-Schuster LZ76 complexity with asymptotic normalisation c(n)*log2(n)/n
BASELINE_EC,POW,Feature,BetaH,FT10,POW.FT10.BetaH,181,4.222847172,0.4165953392,3.72729686,3.746527784,0.3581536305,3.471764303,3.987341449,0.6120593242,0.6321928095,0.1118621213,0.5531687083,0.7112169107,10,8,64,Binned Shannon entropy of the temporal amplitude distribution of FFT-derived POW band-power values; shared baseline/modulation edges,c(n)*log2(n)/n,whole-record median,within-window median,Median-binarised Kaspar-Schuster LZ76 complexity with asymptotic normalisation c(n)*log2(n)/n
BASELINE_EC,POW,Feature,Gamma,FT10,POW.FT10.Gamma,181,4.197335227,0.4308623029,3.709142749,3.722087197,0.3095946025,3.545367186,3.900446836,0.6137932102,0.6321928095,0.1133492496,0.5531687083,0.7112169107,10,8,64,Binned Shannon entropy of the temporal amplitude distribution of FFT-derived POW band-power values; shared baseline/modulation edges,c(n)*log2(n)/n,whole-record median,within-window median,Median-binarised Kaspar-Schuster LZ76 complexity with asymptotic normalisation c(n)*log2(n)/n
BASELINE_EC,POW,Feature,Theta,FC6,POW.FC6.Theta,181,3.300906946,0.4108885537,2.865234158,2.852831757,0.46511356,2.582892285,3.188548405,0.6212278664,0.6321928095,0.1063454205,0.5531687083,0.7112169107,10,8,64,Binned Shannon entropy of the temporal amplitude distribution of FFT-derived POW band-power values; shared baseline/modulation edges,c(n)*log2(n)/n,whole-record median,within-window median,Median-binarised Kaspar-Schuster LZ76 complexity with asymptotic normalisation c(n)*log2(n)/n
BASELINE_EC,POW,Feature,Alpha,FC6,POW.FC6.Alpha,181,4.463525963,0.3880614119,3.838720865,3.83712195,0.4176075461,3.512885558,4.16264904,0.6007119636,0.6321928095,0.1026503414,0.5531687083,0.6321928095,10,8,64,Binned Shannon entropy of the temporal amplitude distribution of FFT-derived POW band-power values; shared baseline/modulation edges,c(n)*log2(n)/n,whole-record median,within-window median,Median-binarised Kaspar-Schuster LZ76 complexity with asymptotic normalisation c(n)*log2(n)/n
BASELINE_EC,POW,Feature,BetaL,FC6,POW.FC6.BetaL,181,4.443385582,0.4175464701,3.904114004,3.879676723,0.3701298538,3.670563524,4.142965207,0.6111861297,0.6321928095,0.114444471,0.5531687083,0.7112169107,10,8,64,Binned Shannon entropy of the temporal amplitude distribution of FFT-derived POW band-power values; shared baseline/modulation edges,c(n)*log2(n)/n,whole-record median,within-window median,Median-binarised Kaspar-Schuster LZ76 complexity with asymptotic normalisation c(n)*log2(n)/n
BASELINE_EC,POW,Feature,BetaH,FC6,POW.FC6.BetaH,181,4.787666666,0.408035161,4.175940251,4.150629933,0.3296052451,3.946562084,4.431521227,0.6129283511,0.6321928095,0.1066116083,0.5531687083,0.7112169107,10,8,64,Binned Shannon entropy of the temporal amplitude distribution of FFT-derived POW band-power values; shared baseline/modulation edges,c(n)*log2(n)/n,whole-record median,within-window median,Median-binarised Kaspar-Schuster LZ76 complexity with asymptotic normalisation c(n)*log2(n)/n
BASELINE_EC,POW,Feature,Gamma,FC6,POW.FC6.Gamma,181,4.503050037,0.4223021247,3.937667576,3.944179226,0.3238081011,3.735475297,4.14072493,0.6269036305,0.6321928095,0.1110565771,0.5531687083,0.7112169107,10,8,64,Binned Shannon entropy of the temporal amplitude distribution of FFT-derived POW band-power values; shared baseline/modulation edges,c(n)*log2(n)/n,whole-record median,within-window median,Median-binarised Kaspar-Schuster LZ76 complexity with asymptotic normalisation c(n)*log2(n)/n
BASELINE_EC,POW,Feature,Theta,C4,POW.C4.Theta,181,1.970347892,0.3928170664,1.659679688,1.652460076,0.4570721219,1.33945765,1.926708659,0.6177350884,0.6321928095,0.1119750325,0.5531687083,0.7112169107,10,8,64,Binned Shannon entropy of the temporal amplitude distribution of FFT-derived POW band-power values; shared baseline/modulation edges,c(n)*log2(n)/n,whole-record median,within-window median,Median-binarised Kaspar-Schuster LZ76 complexity with asymptotic normalisation c(n)*log2(n)/n
BASELINE_EC,POW,Feature,Alpha,C4,POW.C4.Alpha,181,3.889432102,0.35477183,3.249631303,3.281282235,0.5759636956,2.815154636,3.757930528,0.6007119636,0.6321928095,0.1063030901,0.5531687083,0.6321928095,10,8,64,Binned Shannon entropy of the temporal amplitude distribution of FFT-derived POW band-power values; shared baseline/modulation edges,c(n)*log2(n)/n,whole-record median,within-window median,Median-binarised Kaspar-Schuster LZ76 complexity with asymptotic normalisation c(n)*log2(n)/n
BASELINE_EC,POW,Feature,BetaL,C4,POW.C4.BetaL,181,3.317440898,0.4004261137,2.882687537,2.890657749,0.3993406725,2.640077219,3.134033168,0.6055187009,0.6321928095,0.1194044175,0.5531687083,0.7112169107,10,8,64,Binned Shannon entropy of the temporal amplitude distribution of FFT-derived POW band-power values; shared baseline/modulation edges,c(n)*log2(n)/n,whole-record median,within-window median,Median-binarised Kaspar-Schuster LZ76 complexity with asymptotic normalisation c(n)*log2(n)/n
BASELINE_EC,POW,Feature,BetaH,C4,POW.C4.BetaH,181,4.058626991,0.3785501027,3.479651863,3.4527052,0.3938028063,3.19168259,3.754784159,0.6046413388,0.6321928095,0.1091689503,0.5531687083,0.7112169107,10,8,64,Binned Shannon entropy of the temporal amplitude distribution of FFT-derived POW band-power values; shared baseline/modulation edges,c(n)*log2(n)/n,whole-record median,within-window median,Median-binarised Kaspar-Schuster LZ76 complexity with asymptotic normalisation c(n)*log2(n)/n
BASELINE_EC,POW,Feature,Gamma,C4,POW.C4.Gamma,181,2.387677063,0.418497601,2.015093558,2.00901111,0.3607924856,1.774500199,2.227700919,0.621219531,0.6321928095,0.1029732107,0.5531687083,0.7112169107,10,8,64,Binned Shannon entropy of the temporal amplitude distribution of FFT-derived POW band-power values; shared baseline/modulation edges,c(n)*log2(n)/n,whole-record median,within-window median,Median-binarised Kaspar-Schuster LZ76 complexity with asymptotic normalisation c(n)*log2(n)/n
BASELINE_EC,POW,Feature,Theta,FC2,POW.FC2.Theta,181,1.035062603,0.4032795064,0.8572004712,0.8812908992,0.4362284592,0.5776539034,1.121640762,0.6059469628,0.6321928095,0.1080476575,0.5531687083,0.7112169107,10,8,64,Binned Shannon entropy of the temporal amplitude distribution of FFT-derived POW band-power values; shared baseline/modulation edges,c(n)*log2(n)/n,whole-record median,within-window median,Median-binarised Kaspar-Schuster LZ76 complexity with asymptotic normalisation c(n)*log2(n)/n
BASELINE_EC,POW,Feature,Alpha,FC2,POW.FC2.Alpha,181,4.429895566,0.3766478409,3.765130298,3.770035291,0.490405989,3.375027403,4.160554777,0.5937264076,0.6321928095,0.1052927303,0.5531687083,0.6321928095,10,8,64,Binned Shannon entropy of the temporal amplitude distribution of FFT-derived POW band-power values; shared baseline/modulation edges,c(n)*log2(n)/n,whole-record median,within-window median,Median-binarised Kaspar-Schuster LZ76 complexity with asymptotic normalisation c(n)*log2(n)/n
BASELINE_EC,POW,Feature,BetaL,FC2,POW.FC2.BetaL,181,4.298389193,0.4042306374,3.759065383,3.78764904,0.3847682737,3.497573686,4.008381035,0.5959135615,0.6321928095,0.1174173539,0.5531687083,0.6321928095,10,8,64,Binned Shannon entropy of the temporal amplitude distribution of FFT-derived POW band-power values; shared baseline/modulation edges,c(n)*log2(n)/n,whole-record median,within-window median,Median-binarised Kaspar-Schuster LZ76 complexity with asymptotic normalisation c(n)*log2(n)/n
BASELINE_EC,POW,Feature,BetaH,FC2,POW.FC2.BetaH,181,4.501347553,0.4032795064,3.920651001,3.902293866,0.3582960598,3.684017864,4.159829509,0.609863835,0.6321928095,0.1130865546,0.5531687083,0.7112169107,10,8,64,Binned Shannon entropy of the temporal amplitude distribution of FFT-derived POW band-power values; shared baseline/modulation edges,c(n)*log2(n)/n,whole-record median,within-window median,Median-binarised Kaspar-Schuster LZ76 complexity with asymptotic normalisation c(n)*log2(n)/n
BASELINE_EC,POW,Feature,Gamma,FC2,POW.FC2.Gamma,181,4.323013303,0.4242043865,3.805601377,3.794065447,0.3451598168,3.636346707,3.989635867,0.6330118243,0.6321928095,0.1181367058,0.5531687083,0.7112169107,10,8,64,Binned Shannon entropy of the temporal amplitude distribution of FFT-derived POW band-power values; shared baseline/modulation edges,c(n)*log2(n)/n,whole-record median,within-window median,Median-binarised Kaspar-Schuster LZ76 complexity with asymptotic normalisation c(n)*log2(n)/n
BASELINE_EC,POW,Feature,Theta,F4,POW.F4.Theta,181,2.017473265,0.4042306374,1.709967536,1.657649291,0.467525902,1.383824088,2.020995015,0.6138015455,0.6321928095,0.1105971953,0.5531687083,0.7112169107,10,8,64,Binned Shannon entropy of the temporal amplitude distribution of FFT-derived POW band-power values; shared baseline/modulation edges,c(n)*log2(n)/n,whole-record median,within-window median,Median-binarised Kaspar-Schuster LZ76 complexity with asymptotic normalisation c(n)*log2(n)/n
BASELINE_EC,POW,Feature,Alpha,F4,POW.F4.Alpha,181,4.657486997,0.3671365318,3.948094236,3.98660294,0.4634270677,3.574032662,4.320191026,0.596774253,0.6321928095,0.1028296775,0.5531687083,0.6321928095,10,8,64,Binned Shannon entropy of the temporal amplitude distribution of FFT-derived POW band-power values; shared baseline/modulation edges,c(n)*log2(n)/n,whole-record median,within-window median,Median-binarised Kaspar-Schuster LZ76 complexity with asymptotic normalisation c(n)*log2(n)/n
BASELINE_EC,POW,Feature,BetaL,F4,POW.F4.BetaL,181,3.877630161,0.4137419465,3.393172447,3.400972412,0.4032015747,3.115279172,3.626241422,0.5976641182,0.6321928095,0.1256458188,0.4741446071,0.7112169107,10,8,64,Binned Shannon entropy of the temporal amplitude distribution of FFT-derived POW band-power values; shared baseline/modulation edges,c(n)*log2(n)/n,whole-record median,within-window median,Median-binarised Kaspar-Schuster LZ76 complexity with asymptotic normalisation c(n)*log2(n)/n
BASELINE_EC,POW,Feature,BetaH,F4,POW.F4.BetaH,181,3.361778381,0.4042306374,2.941367765,2.898600071,0.3750037536,2.676632139,3.186889274,0.6076850165,0.6321928095,0.1035100854,0.5531687083,0.7112169107,10,8,64,Binned Shannon entropy of the temporal amplitude distribution of FFT-derived POW band-power values; shared baseline/modulation edges,c(n)*log2(n)/n,whole-record median,within-window median,Median-binarised Kaspar-Schuster LZ76 complexity with asymptotic normalisation c(n)*log2(n)/n
BASELINE_EC,POW,Feature,Gamma,F4,POW.F4.Gamma,181,2.087796868,0.418497601,1.751077174,1.771447348,0.4092166782,1.47438932,2.006966861,0.6076891841,0.6321928095,0.1205300537,0.5531687083,0.7112169107,10,8,64,Binned Shannon entropy of the temporal amplitude distribution of FFT-derived POW band-power values; shared baseline/modulation edges,c(n)*log2(n)/n,whole-record median,within-window median,Median-binarised Kaspar-Schuster LZ76 complexity with asymptotic normalisation c(n)*log2(n)/n
BASELINE_EC,POW,Feature,Theta,F8,POW.F8.Theta,181,1.851137911,0.4089862919,1.603693499,1.614765538,0.4412074604,1.300425766,1.925106257,0.6002711986,0.6321928095,0.1092341744,0.5531687083,0.7112169107,10,8,64,Binned Shannon entropy of the temporal amplitude distribution of FFT-derived POW band-power values; shared baseline/modulation edges,c(n)*log2(n)/n,whole-record median,within-window median,Median-binarised Kaspar-Schuster LZ76 complexity with asymptotic normalisation c(n)*log2(n)/n
BASELINE_EC,POW,Feature,Alpha,F8,POW.F8.Alpha,181,3.398545364,0.3909148046,2.930939374,2.953026031,0.4164341546,2.657463851,3.219982686,0.6011485608,0.6321928095,0.110431569,0.5531687083,0.7112169107,10,8,64,Binned Shannon entropy of the temporal amplitude distribution of FFT-derived POW band-power values; shared baseline/modulation edges,c(n)*log2(n)/n,whole-record median,within-window median,Median-binarised Kaspar-Schuster LZ76 complexity with asymptotic normalisation c(n)*log2(n)/n
BASELINE_EC,POW,Feature,BetaL,F8,POW.F8.BetaL,181,3.796106385,0.4070840301,3.350985116,3.362973997,0.3944238202,3.131536531,3.599902008,0.6063877277,0.6321928095,0.1050595415,0.5531687083,0.7112169107,10,8,64,Binned Shannon entropy of the temporal amplitude distribution of FFT-derived POW band-power values; shared baseline/modulation edges,c(n)*log2(n)/n,whole-record median,within-window median,Median-binarised Kaspar-Schuster LZ76 complexity with asymptotic normalisation c(n)*log2(n)/n
BASELINE_EC,POW,Feature,BetaH,F8,POW.F8.BetaH,181,4.49286881,0.418497601,3.957620494,3.972750044,0.3285252826,3.740844886,4.193380822,0.6177350884,0.6321928095,0.1022585207,0.5531687083,0.7112169107,10,8,64,Binned Shannon entropy of the temporal amplitude distribution of FFT-derived POW band-power values; shared baseline/modulation edges,c(n)*log2(n)/n,whole-record median,within-window median,Median-binarised Kaspar-Schuster LZ76 complexity with asymptotic normalisation c(n)*log2(n)/n
BASELINE_EC,POW,Feature,Gamma,F8,POW.F8.Gamma,181,4.125278655,0.4013772446,3.634623219,3.647877063,0.3581117107,3.410907931,3.865957321,0.6085582109,0.6321928095,0.1148265895,0.5531687083,0.7112169107,10,8,64,Binned Shannon entropy of the temporal amplitude distribution of FFT-derived POW band-power values; shared baseline/modulation edges,c(n)*log2(n)/n,whole-record median,within-window median,Median-binarised Kaspar-Schuster LZ76 complexity with asymptotic normalisation c(n)*log2(n)/n
BASELINE_EC,POW,Feature,Theta,Fp2,POW.Fp2.Theta,181,3.021136639,0.4146930774,2.638867989,2.631679427,0.4301339142,2.336504223,2.901399622,0.61467474,0.6321928095,0.1094793249,0.5531687083,0.7112169107,10,8,64,Binned Shannon entropy of the temporal amplitude distribution of FFT-derived POW band-power values; shared baseline/modulation edges,c(n)*log2(n)/n,whole-record median,within-window median,Median-binarised Kaspar-Schuster LZ76 complexity with asymptotic normalisation c(n)*log2(n)/n
BASELINE_EC,POW,Feature,Alpha,Fp2,POW.Fp2.Alpha,181,4.86384594,0.3680876627,4.13363765,4.225193259,0.434860802,3.846852742,4.464709003,0.5989614069,0.6321928095,0.1092936435,0.5531687083,0.6321928095,10,8,64,Binned Shannon entropy of the temporal amplitude distribution of FFT-derived POW band-power values; shared baseline/modulation edges,c(n)*log2(n)/n,whole-record median,within-window median,Median-binarised Kaspar-Schuster LZ76 complexity with asymptotic normalisation c(n)*log2(n)/n
BASELINE_EC,POW,Feature,BetaL,Fp2,POW.Fp2.BetaL,181,4.587181763,0.408035161,4.009277335,3.981213636,0.3812941991,3.792946212,4.257332872,0.6072567545,0.6321928095,0.1135133012,0.5531687083,0.7112169107,10,8,64,Binned Shannon entropy of the temporal amplitude distribution of FFT-derived POW band-power values; shared baseline/modulation edges,c(n)*log2(n)/n,whole-record median,within-window median,Median-binarised Kaspar-Schuster LZ76 complexity with asymptotic normalisation c(n)*log2(n)/n
BASELINE_EC,POW,Feature,BetaH,Fp2,POW.Fp2.BetaH,181,4.388755559,0.4175464701,3.874459775,3.882461955,0.3331970353,3.663610827,4.116299337,0.6155562699,0.6321928095,0.1060911399,0.5531687083,0.7112169107,10,8,64,Binned Shannon entropy of the temporal amplitude distribution of FFT-derived POW band-power values; shared baseline/modulation edges,c(n)*log2(n)/n,whole-record median,within-window median,Median-binarised Kaspar-Schuster LZ76 complexity with asymptotic normalisation c(n)*log2(n)/n
BASELINE_EC,POW,Feature,Gamma,Fp2,POW.Fp2.Gamma,181,3.009382689,0.3985238519,2.579201008,2.566963528,0.4286306616,2.332894092,2.838820182,0.6089948082,0.6321928095,0.1295342598,0.5531687083,0.7112169107,10,8,64,Binned Shannon entropy of the temporal amplitude distribution of FFT-derived POW band-power values; shared baseline/modulation edges,c(n)*log2(n)/n,whole-record median,within-window median,Median-binarised Kaspar-Schuster LZ76 complexity with asymptotic normalisation c(n)*log2(n)/n
