Track,Metric_X,Metric_Y,N_Matched,Observed_Pearson_r,Bootstrap_Median_r,Bootstrap_CI_Lower,Bootstrap_CI_Upper,Confidence_Level,Block_Length_Windows,Block_Length_Seconds,Bootstrap_Iterations_Requested,Bootstrap_Iterations_Valid,Random_Seed,Resampling_Method,Channel
RAW_Channel_BaselineStandardisedFlux,Delta_Shannon_Entropy,Delta_LZC,181,-0.7189109612024918,-0.7210744525035411,-0.7871746259924604,-0.6322658899793369,0.95,6,60.0,1000,1000,1919,circular moving-block bootstrap,C3
RAW_Channel_BaselineStandardisedFlux,Delta_Shannon_Entropy,Delta_Flux,181,0.1874571882404212,0.18925445049508124,0.032924256236965745,0.3494023484357181,0.95,6,60.0,1000,1000,1919,circular moving-block bootstrap,C3
RAW_Channel_BaselineStandardisedFlux,Delta_LZC,Delta_Flux,181,0.10693846760556057,0.10832244099938579,-0.08452213482871684,0.2651578801231683,0.95,6,60.0,1000,1000,1919,circular moving-block bootstrap,C3
RAW_Channel_BaselineStandardisedFlux,Delta_Shannon_Entropy,Delta_LZC,181,-0.7098320982676516,-0.7139026962210404,-0.821548498631625,-0.587569824602904,0.95,6,60.0,1000,1000,1919,circular moving-block bootstrap,C4
RAW_Channel_BaselineStandardisedFlux,Delta_Shannon_Entropy,Delta_Flux,181,0.2226617382802485,0.22901482839246984,0.07562144562793487,0.36464001902210175,0.95,6,60.0,1000,1000,1919,circular moving-block bootstrap,C4
RAW_Channel_BaselineStandardisedFlux,Delta_LZC,Delta_Flux,181,0.10144513821149397,0.09071209159934661,-0.11080036399122126,0.27513345750871493,0.95,6,60.0,1000,1000,1919,circular moving-block bootstrap,C4
RAW_Channel_BaselineStandardisedFlux,Delta_Shannon_Entropy,Delta_LZC,181,-0.5469374878686439,-0.5563687288383008,-0.6544958477902626,-0.4181413613026387,0.95,6,60.0,1000,1000,1919,circular moving-block bootstrap,CP1
RAW_Channel_BaselineStandardisedFlux,Delta_Shannon_Entropy,Delta_Flux,181,0.33621759110340355,0.3400581480822169,0.19251185476342636,0.48774946459653507,0.95,6,60.0,1000,1000,1919,circular moving-block bootstrap,CP1
RAW_Channel_BaselineStandardisedFlux,Delta_LZC,Delta_Flux,181,0.01969801329313864,0.012126726127718448,-0.21653535694156364,0.21907462850481293,0.95,6,60.0,1000,1000,1919,circular moving-block bootstrap,CP1
RAW_Channel_BaselineStandardisedFlux,Delta_Shannon_Entropy,Delta_LZC,181,-0.7295885845812066,-0.7317023106973047,-0.8252794058701787,-0.6180765943360446,0.95,6,60.0,1000,1000,1919,circular moving-block bootstrap,CP2
RAW_Channel_BaselineStandardisedFlux,Delta_Shannon_Entropy,Delta_Flux,181,0.20693662726399584,0.21136459003106461,0.06415107539834858,0.32545229774236656,0.95,6,60.0,1000,1000,1919,circular moving-block bootstrap,CP2
RAW_Channel_BaselineStandardisedFlux,Delta_LZC,Delta_Flux,181,-0.04807522618588128,-0.05206053692834267,-0.25437051417759393,0.15099388523562063,0.95,6,60.0,1000,1000,1919,circular moving-block bootstrap,CP2
RAW_Channel_BaselineStandardisedFlux,Delta_Shannon_Entropy,Delta_LZC,181,-0.6108487974047901,-0.6128952970479343,-0.7266090697467634,-0.47705850838373753,0.95,6,60.0,1000,1000,1919,circular moving-block bootstrap,CP5
RAW_Channel_BaselineStandardisedFlux,Delta_Shannon_Entropy,Delta_Flux,181,0.24137255841024083,0.2363798744716658,0.0932896463035461,0.38735661669589255,0.95,6,60.0,1000,1000,1919,circular moving-block bootstrap,CP5
RAW_Channel_BaselineStandardisedFlux,Delta_LZC,Delta_Flux,181,0.046161674860929564,0.032365817428862485,-0.16721840451810885,0.22855308702954022,0.95,6,60.0,1000,1000,1919,circular moving-block bootstrap,CP5
RAW_Channel_BaselineStandardisedFlux,Delta_Shannon_Entropy,Delta_LZC,181,-0.5604432175683575,-0.5662239578026556,-0.709330342077008,-0.40102403690174243,0.95,6,60.0,1000,1000,1919,circular moving-block bootstrap,CP6
RAW_Channel_BaselineStandardisedFlux,Delta_Shannon_Entropy,Delta_Flux,181,0.3407875832213621,0.343243854695812,0.21380648718179987,0.4637088098555706,0.95,6,60.0,1000,1000,1919,circular moving-block bootstrap,CP6
RAW_Channel_BaselineStandardisedFlux,Delta_LZC,Delta_Flux,181,0.10322777118724127,0.09521377212465296,-0.09544281523031192,0.26582954750564536,0.95,6,60.0,1000,1000,1919,circular moving-block bootstrap,CP6
RAW_Channel_BaselineStandardisedFlux,Delta_Shannon_Entropy,Delta_LZC,181,-0.6382315683885458,-0.6404440301257353,-0.7932465311730693,-0.4362942184525532,0.95,6,60.0,1000,1000,1919,circular moving-block bootstrap,Cz
RAW_Channel_BaselineStandardisedFlux,Delta_Shannon_Entropy,Delta_Flux,181,0.20510969792477632,0.2068099438676996,0.09568252357054267,0.3412029027877589,0.95,6,60.0,1000,1000,1919,circular moving-block bootstrap,Cz
RAW_Channel_BaselineStandardisedFlux,Delta_LZC,Delta_Flux,181,0.1939272487943314,0.18727266877720877,-0.00982780235350539,0.3687271081874708,0.95,6,60.0,1000,1000,1919,circular moving-block bootstrap,Cz
RAW_Channel_BaselineStandardisedFlux,Delta_Shannon_Entropy,Delta_LZC,181,-0.7392242736273933,-0.7391650293176901,-0.8354764903880115,-0.6283951968726419,0.95,6,60.0,1000,1000,1919,circular moving-block bootstrap,F3
RAW_Channel_BaselineStandardisedFlux,Delta_Shannon_Entropy,Delta_Flux,181,0.19043686390750567,0.18790112086219093,0.05506791895295275,0.3351979631461143,0.95,6,60.0,1000,1000,1919,circular moving-block bootstrap,F3
RAW_Channel_BaselineStandardisedFlux,Delta_LZC,Delta_Flux,181,0.1275237511951103,0.12528813968758168,-0.05790593988452021,0.2871330919689705,0.95,6,60.0,1000,1000,1919,circular moving-block bootstrap,F3
RAW_Channel_BaselineStandardisedFlux,Delta_Shannon_Entropy,Delta_LZC,181,-0.760047081978677,-0.7628291028022423,-0.8551835824632071,-0.6540811062356328,0.95,6,60.0,1000,1000,1919,circular moving-block bootstrap,F4
RAW_Channel_BaselineStandardisedFlux,Delta_Shannon_Entropy,Delta_Flux,181,0.18274951326822544,0.1802952807795561,0.010966168896028965,0.3377386256893643,0.95,6,60.0,1000,1000,1919,circular moving-block bootstrap,F4
RAW_Channel_BaselineStandardisedFlux,Delta_LZC,Delta_Flux,181,0.08557723259070432,0.0720316534222617,-0.10452499429216502,0.2685319343138842,0.95,6,60.0,1000,1000,1919,circular moving-block bootstrap,F4
RAW_Channel_BaselineStandardisedFlux,Delta_Shannon_Entropy,Delta_LZC,181,-0.7436999878366845,-0.7446434130751813,-0.8165609189235767,-0.6548968287058419,0.95,6,60.0,1000,1000,1919,circular moving-block bootstrap,F7
RAW_Channel_BaselineStandardisedFlux,Delta_Shannon_Entropy,Delta_Flux,181,0.22972545212775158,0.23095041905565888,0.10303956321059196,0.3798210121382327,0.95,6,60.0,1000,1000,1919,circular moving-block bootstrap,F7
RAW_Channel_BaselineStandardisedFlux,Delta_LZC,Delta_Flux,181,0.03140669903220783,0.017208712902778478,-0.1456222320971296,0.18266106890227587,0.95,6,60.0,1000,1000,1919,circular moving-block bootstrap,F7
RAW_Channel_BaselineStandardisedFlux,Delta_Shannon_Entropy,Delta_LZC,181,-0.7002937626701122,-0.6967456570467956,-0.7906071079799889,-0.5787457162694489,0.95,6,60.0,1000,1000,1919,circular moving-block bootstrap,F8
RAW_Channel_BaselineStandardisedFlux,Delta_Shannon_Entropy,Delta_Flux,181,0.28859323362708356,0.29063379445171456,0.14557209624471396,0.43244230140004974,0.95,6,60.0,1000,1000,1919,circular moving-block bootstrap,F8
RAW_Channel_BaselineStandardisedFlux,Delta_LZC,Delta_Flux,181,-0.02050861652702177,-0.02528689590686136,-0.1963004538439439,0.14468576945273245,0.95,6,60.0,1000,1000,1919,circular moving-block bootstrap,F8
RAW_Channel_BaselineStandardisedFlux,Delta_Shannon_Entropy,Delta_LZC,181,-0.6535955176384003,-0.6599176987682711,-0.7808509783363032,-0.5002472132674226,0.95,6,60.0,1000,1000,1919,circular moving-block bootstrap,FC1
RAW_Channel_BaselineStandardisedFlux,Delta_Shannon_Entropy,Delta_Flux,181,0.21456764579559873,0.21909197434843658,0.09192090794223189,0.36887030878738286,0.95,6,60.0,1000,1000,1919,circular moving-block bootstrap,FC1
RAW_Channel_BaselineStandardisedFlux,Delta_LZC,Delta_Flux,181,0.10057899803255498,0.09921482648540018,-0.07616150524718075,0.27262300675965034,0.95,6,60.0,1000,1000,1919,circular moving-block bootstrap,FC1
RAW_Channel_BaselineStandardisedFlux,Delta_Shannon_Entropy,Delta_LZC,181,-0.7030728706129719,-0.7090818111728471,-0.8161524922588537,-0.5798518438229678,0.95,6,60.0,1000,1000,1919,circular moving-block bootstrap,FC2
RAW_Channel_BaselineStandardisedFlux,Delta_Shannon_Entropy,Delta_Flux,181,0.16018045783774637,0.16383107403968378,0.054470622594846564,0.2767593908534217,0.95,6,60.0,1000,1000,1919,circular moving-block bootstrap,FC2
RAW_Channel_BaselineStandardisedFlux,Delta_LZC,Delta_Flux,181,0.11360624308205064,0.11223868677047234,-0.06677471301314719,0.27744292686980143,0.95,6,60.0,1000,1000,1919,circular moving-block bootstrap,FC2
RAW_Channel_BaselineStandardisedFlux,Delta_Shannon_Entropy,Delta_LZC,181,-0.8047550214404671,-0.8087888989012764,-0.8742036943577369,-0.724112251730176,0.95,6,60.0,1000,1000,1919,circular moving-block bootstrap,FC5
RAW_Channel_BaselineStandardisedFlux,Delta_Shannon_Entropy,Delta_Flux,181,0.14774130474353195,0.143904945165579,-0.01146192465910211,0.2972619710445928,0.95,6,60.0,1000,1000,1919,circular moving-block bootstrap,FC5
RAW_Channel_BaselineStandardisedFlux,Delta_LZC,Delta_Flux,181,0.1108020453374188,0.10893036801188205,-0.07962807826552488,0.28571332368874885,0.95,6,60.0,1000,1000,1919,circular moving-block bootstrap,FC5
RAW_Channel_BaselineStandardisedFlux,Delta_Shannon_Entropy,Delta_LZC,181,-0.710761079757252,-0.7202466950467978,-0.8345635064646797,-0.5491342261044057,0.95,6,60.0,1000,1000,1919,circular moving-block bootstrap,FC6
RAW_Channel_BaselineStandardisedFlux,Delta_Shannon_Entropy,Delta_Flux,181,0.13363950886735,0.13836711927995488,-0.00012168801889197618,0.2945609363313739,0.95,6,60.0,1000,1000,1919,circular moving-block bootstrap,FC6
RAW_Channel_BaselineStandardisedFlux,Delta_LZC,Delta_Flux,181,0.09845519630150969,0.09301787770978504,-0.09761018620965393,0.2783122060405097,0.95,6,60.0,1000,1000,1919,circular moving-block bootstrap,FC6
RAW_Channel_BaselineStandardisedFlux,Delta_Shannon_Entropy,Delta_LZC,181,-0.7513474702044904,-0.7573264231881993,-0.8250526244002412,-0.6757008663725376,0.95,6,60.0,1000,1000,1919,circular moving-block bootstrap,FT10
RAW_Channel_BaselineStandardisedFlux,Delta_Shannon_Entropy,Delta_Flux,181,0.2433701733655468,0.244835168169765,0.10868835610578431,0.37660548100247904,0.95,6,60.0,1000,1000,1919,circular moving-block bootstrap,FT10
RAW_Channel_BaselineStandardisedFlux,Delta_LZC,Delta_Flux,181,-0.010972036681769028,-0.01171642712767916,-0.22207929579910066,0.17924561105983067,0.95,6,60.0,1000,1000,1919,circular moving-block bootstrap,FT10
RAW_Channel_BaselineStandardisedFlux,Delta_Shannon_Entropy,Delta_LZC,181,-0.7382349264070363,-0.736046953680025,-0.7989858729115494,-0.6372618648941132,0.95,6,60.0,1000,1000,1919,circular moving-block bootstrap,FT9
RAW_Channel_BaselineStandardisedFlux,Delta_Shannon_Entropy,Delta_Flux,181,0.07098377474804365,0.06847218551476339,-0.09025949300296238,0.2553742455114092,0.95,6,60.0,1000,1000,1919,circular moving-block bootstrap,FT9
RAW_Channel_BaselineStandardisedFlux,Delta_LZC,Delta_Flux,181,0.06123820678884799,0.05569523512503673,-0.09270918410169389,0.2014536928130002,0.95,6,60.0,1000,1000,1919,circular moving-block bootstrap,FT9
RAW_Channel_BaselineStandardisedFlux,Delta_Shannon_Entropy,Delta_LZC,181,-0.7110419055686582,-0.7150598375152253,-0.7891674256226698,-0.6071020818391615,0.95,6,60.0,1000,1000,1919,circular moving-block bootstrap,Fp1
RAW_Channel_BaselineStandardisedFlux,Delta_Shannon_Entropy,Delta_Flux,181,0.16752539342694833,0.16999421917976715,0.020479244124913726,0.31065771664611413,0.95,6,60.0,1000,1000,1919,circular moving-block bootstrap,Fp1
RAW_Channel_BaselineStandardisedFlux,Delta_LZC,Delta_Flux,181,0.04905710247646943,0.04243775590975754,-0.11925047614168169,0.20101764454375393,0.95,6,60.0,1000,1000,1919,circular moving-block bootstrap,Fp1
RAW_Channel_BaselineStandardisedFlux,Delta_Shannon_Entropy,Delta_LZC,181,-0.576566762727544,-0.5830033030631623,-0.7138822019106776,-0.43903606771759873,0.95,6,60.0,1000,1000,1919,circular moving-block bootstrap,Fp2
RAW_Channel_BaselineStandardisedFlux,Delta_Shannon_Entropy,Delta_Flux,181,0.3413572780889978,0.34387243593936323,0.19335612397848853,0.49512766052693197,0.95,6,60.0,1000,1000,1919,circular moving-block bootstrap,Fp2
RAW_Channel_BaselineStandardisedFlux,Delta_LZC,Delta_Flux,181,0.03216908219241419,0.028160222673075594,-0.15319241078012152,0.17686734899661125,0.95,6,60.0,1000,1000,1919,circular moving-block bootstrap,Fp2
RAW_Channel_BaselineStandardisedFlux,Delta_Shannon_Entropy,Delta_LZC,181,-0.6774761731231771,-0.6844864641397375,-0.821773207356885,-0.5167737693123371,0.95,6,60.0,1000,1000,1919,circular moving-block bootstrap,Fz
RAW_Channel_BaselineStandardisedFlux,Delta_Shannon_Entropy,Delta_Flux,181,0.3557586450169939,0.3564426194209004,0.25742274213067357,0.46206754719169996,0.95,6,60.0,1000,1000,1919,circular moving-block bootstrap,Fz
RAW_Channel_BaselineStandardisedFlux,Delta_LZC,Delta_Flux,181,0.01819931395722358,0.00213750135814789,-0.19926598972003176,0.21045119129220827,0.95,6,60.0,1000,1000,1919,circular moving-block bootstrap,Fz
RAW_Channel_BaselineStandardisedFlux,Delta_Shannon_Entropy,Delta_LZC,181,-0.7104339873206195,-0.7188102418287108,-0.8207396474886355,-0.6136748014270772,0.95,6,60.0,1000,1000,1919,circular moving-block bootstrap,O1
RAW_Channel_BaselineStandardisedFlux,Delta_Shannon_Entropy,Delta_Flux,181,0.319364598468375,0.3188510927152145,0.19063885789268437,0.44746225440985915,0.95,6,60.0,1000,1000,1919,circular moving-block bootstrap,O1
RAW_Channel_BaselineStandardisedFlux,Delta_LZC,Delta_Flux,181,-0.017707655258936684,-0.01841404370042133,-0.22588121705422146,0.16411728186972283,0.95,6,60.0,1000,1000,1919,circular moving-block bootstrap,O1
RAW_Channel_BaselineStandardisedFlux,Delta_Shannon_Entropy,Delta_LZC,181,-0.6756886847390321,-0.6789906685913574,-0.7841998647859318,-0.5813629600971822,0.95,6,60.0,1000,1000,1919,circular moving-block bootstrap,O2
RAW_Channel_BaselineStandardisedFlux,Delta_Shannon_Entropy,Delta_Flux,181,0.3637177807592819,0.36855492719846616,0.21965970732743878,0.5107633174938249,0.95,6,60.0,1000,1000,1919,circular moving-block bootstrap,O2
RAW_Channel_BaselineStandardisedFlux,Delta_LZC,Delta_Flux,181,-0.050446440128616994,-0.05864067025173315,-0.29188339648373196,0.15871191633000573,0.95,6,60.0,1000,1000,1919,circular moving-block bootstrap,O2
RAW_Channel_BaselineStandardisedFlux,Delta_Shannon_Entropy,Delta_LZC,181,-0.6252436199759989,-0.627446533386026,-0.7550404851135729,-0.5073501070059434,0.95,6,60.0,1000,1000,1919,circular moving-block bootstrap,Oz
RAW_Channel_BaselineStandardisedFlux,Delta_Shannon_Entropy,Delta_Flux,181,0.4476059860990773,0.45334290971029245,0.3118805629841136,0.5791357128073542,0.95,6,60.0,1000,1000,1919,circular moving-block bootstrap,Oz
RAW_Channel_BaselineStandardisedFlux,Delta_LZC,Delta_Flux,181,-0.07936434265662477,-0.07916990684364347,-0.34623777102132874,0.14133005869138954,0.95,6,60.0,1000,1000,1919,circular moving-block bootstrap,Oz
RAW_Channel_BaselineStandardisedFlux,Delta_Shannon_Entropy,Delta_LZC,181,-0.6445881636458436,-0.6558049615386876,-0.7672542870995903,-0.5158155425456655,0.95,6,60.0,1000,1000,1919,circular moving-block bootstrap,P3
RAW_Channel_BaselineStandardisedFlux,Delta_Shannon_Entropy,Delta_Flux,181,0.31868071242579876,0.31983078234554596,0.22046162045018888,0.42571107240326833,0.95,6,60.0,1000,1000,1919,circular moving-block bootstrap,P3
RAW_Channel_BaselineStandardisedFlux,Delta_LZC,Delta_Flux,181,0.022767497184492617,0.015936980794945696,-0.1996773709767161,0.22404958582862441,0.95,6,60.0,1000,1000,1919,circular moving-block bootstrap,P3
RAW_Channel_BaselineStandardisedFlux,Delta_Shannon_Entropy,Delta_LZC,181,-0.6257563129306356,-0.6281739217240299,-0.7480593330328736,-0.5173425292719073,0.95,6,60.0,1000,1000,1919,circular moving-block bootstrap,P4
RAW_Channel_BaselineStandardisedFlux,Delta_Shannon_Entropy,Delta_Flux,181,0.36589625148197213,0.37259720927892326,0.21341058886904504,0.5332428282004464,0.95,6,60.0,1000,1000,1919,circular moving-block bootstrap,P4
RAW_Channel_BaselineStandardisedFlux,Delta_LZC,Delta_Flux,181,0.019277344487749478,0.011372695293954007,-0.19751288202668993,0.22590951163976636,0.95,6,60.0,1000,1000,1919,circular moving-block bootstrap,P4
RAW_Channel_BaselineStandardisedFlux,Delta_Shannon_Entropy,Delta_LZC,181,-0.7513924334854701,-0.7563454906455946,-0.8215896092187704,-0.6762904008358711,0.95,6,60.0,1000,1000,1919,circular moving-block bootstrap,P7
RAW_Channel_BaselineStandardisedFlux,Delta_Shannon_Entropy,Delta_Flux,181,0.15337864602513837,0.15254609669055275,0.012148691194087359,0.3021525963425602,0.95,6,60.0,1000,1000,1919,circular moving-block bootstrap,P7
RAW_Channel_BaselineStandardisedFlux,Delta_LZC,Delta_Flux,181,0.029721717394243855,0.022022589485387017,-0.14920658102964895,0.23111517921288827,0.95,6,60.0,1000,1000,1919,circular moving-block bootstrap,P7
RAW_Channel_BaselineStandardisedFlux,Delta_Shannon_Entropy,Delta_LZC,181,-0.523483923210873,-0.525026778695836,-0.7021226232113171,-0.34462728870321085,0.95,6,60.0,1000,1000,1919,circular moving-block bootstrap,P8
RAW_Channel_BaselineStandardisedFlux,Delta_Shannon_Entropy,Delta_Flux,181,0.4450655933747159,0.44650729077940277,0.2899008687100335,0.6020603982019003,0.95,6,60.0,1000,1000,1919,circular moving-block bootstrap,P8
RAW_Channel_BaselineStandardisedFlux,Delta_LZC,Delta_Flux,181,0.03443847528837302,0.034406339064706665,-0.22649796751541826,0.24462217184068683,0.95,6,60.0,1000,1000,1919,circular moving-block bootstrap,P8
RAW_Channel_BaselineStandardisedFlux,Delta_Shannon_Entropy,Delta_LZC,181,-0.7178789470618426,-0.7219596840816648,-0.8337414020408801,-0.5706013818084267,0.95,6,60.0,1000,1000,1919,circular moving-block bootstrap,PO10
RAW_Channel_BaselineStandardisedFlux,Delta_Shannon_Entropy,Delta_Flux,181,0.26023637349964235,0.26477346643542643,0.14741153414581465,0.3829102220753009,0.95,6,60.0,1000,1000,1919,circular moving-block bootstrap,PO10
RAW_Channel_BaselineStandardisedFlux,Delta_LZC,Delta_Flux,181,0.01696521802363381,-0.0015158934027000284,-0.22350151971348733,0.22468776650115263,0.95,6,60.0,1000,1000,1919,circular moving-block bootstrap,PO10
RAW_Channel_BaselineStandardisedFlux,Delta_Shannon_Entropy,Delta_LZC,181,-0.786418764080547,-0.7852310402890276,-0.8653054827481814,-0.6907381526356574,0.95,6,60.0,1000,1000,1919,circular moving-block bootstrap,PO9
RAW_Channel_BaselineStandardisedFlux,Delta_Shannon_Entropy,Delta_Flux,181,0.1448395551348405,0.15052652679647516,0.008940133918422402,0.2884722979116195,0.95,6,60.0,1000,1000,1919,circular moving-block bootstrap,PO9
RAW_Channel_BaselineStandardisedFlux,Delta_LZC,Delta_Flux,181,0.002501108227694668,-0.004233018456713941,-0.16881116768256638,0.15594019877913667,0.95,6,60.0,1000,1000,1919,circular moving-block bootstrap,PO9
RAW_Channel_BaselineStandardisedFlux,Delta_Shannon_Entropy,Delta_LZC,181,-0.6676270934043055,-0.6767444163268057,-0.806208997391279,-0.535946836186628,0.95,6,60.0,1000,1000,1919,circular moving-block bootstrap,Pz
RAW_Channel_BaselineStandardisedFlux,Delta_Shannon_Entropy,Delta_Flux,181,0.2796216508008167,0.282237307364153,0.15579298531943925,0.4150983873247989,0.95,6,60.0,1000,1000,1919,circular moving-block bootstrap,Pz
RAW_Channel_BaselineStandardisedFlux,Delta_LZC,Delta_Flux,181,0.01718796265782513,0.002727881773443586,-0.19970816442090286,0.209650350547406,0.95,6,60.0,1000,1000,1919,circular moving-block bootstrap,Pz
RAW_Channel_BaselineStandardisedFlux,Delta_Shannon_Entropy,Delta_LZC,181,-0.7785065142110539,-0.7810405769750286,-0.8496518403067073,-0.68774648375852,0.95,6,60.0,1000,1000,1919,circular moving-block bootstrap,T7
RAW_Channel_BaselineStandardisedFlux,Delta_Shannon_Entropy,Delta_Flux,181,0.06935690978002049,0.07319576524050737,-0.07170698995541323,0.20649833381593793,0.95,6,60.0,1000,1000,1919,circular moving-block bootstrap,T7
RAW_Channel_BaselineStandardisedFlux,Delta_LZC,Delta_Flux,181,0.1528070308095058,0.14813515548186007,-0.00246666401376044,0.30795982614352724,0.95,6,60.0,1000,1000,1919,circular moving-block bootstrap,T7
RAW_Channel_BaselineStandardisedFlux,Delta_Shannon_Entropy,Delta_LZC,181,-0.6754432850595621,-0.6817480425978901,-0.7945898141419796,-0.5385793704883984,0.95,6,60.0,1000,1000,1919,circular moving-block bootstrap,T8
RAW_Channel_BaselineStandardisedFlux,Delta_Shannon_Entropy,Delta_Flux,181,0.1959117343594609,0.19413194242020523,0.058173677461398905,0.33881611289182056,0.95,6,60.0,1000,1000,1919,circular moving-block bootstrap,T8
RAW_Channel_BaselineStandardisedFlux,Delta_LZC,Delta_Flux,181,0.15862422661536757,0.1553242893171375,-0.023632380241022155,0.32069690131977474,0.95,6,60.0,1000,1000,1919,circular moving-block bootstrap,T8
