Session,Reference,Band,Channel,Baseline_Median_POW,Session_Median_POW,Fold_Change,Delta_log10,Jensen_Shannon_Distance,Valid_DeltaLog10_All_5_Bands,Valid_JSD_All_5_Bands
MODULATION_DATASET,BASELINE_EC,Theta,Cz,4.45846,2.7775905,0.6229932533,-0.2055166565,0.03632485443,True,True
MODULATION_DATASET,BASELINE_EC,Theta,Fz,2.962868,2.708058,0.9139988687,-0.03905434183,0.03659205147,True,True
MODULATION_DATASET,BASELINE_EC,Theta,Fp1,2.811625,2.1658615,0.7703237452,-0.1133267148,0.02983627888,True,True
MODULATION_DATASET,BASELINE_EC,Theta,F7,2.127779,1.29223,0.6073140115,-0.2165866991,0.04664661311,True,True
MODULATION_DATASET,BASELINE_EC,Theta,F3,2.9565025,1.7845735,0.6036096705,-0.2192438109,0.02177794367,True,True
MODULATION_DATASET,BASELINE_EC,Theta,FC1,1.978386,1.6946775,0.8565959828,-0.06722396666,0.01480964288,True,True
MODULATION_DATASET,BASELINE_EC,Theta,C3,1.7272415,1.0729745,0.6212069939,-0.2067636634,0.01530612296,True,True
MODULATION_DATASET,BASELINE_EC,Theta,FC5,1.811607373,0.918772,0.5071584571,-0.294856328,0.0397088159,True,True
MODULATION_DATASET,BASELINE_EC,Theta,FT9,1.3613245,1.0526075,0.7732230633,-0.1116952006,0.06046469141,True,True
MODULATION_DATASET,BASELINE_EC,Theta,T7,1.200649,0.3999885,0.3331435748,-0.4773685583,0.04927577484,True,True
MODULATION_DATASET,BASELINE_EC,Theta,CP5,1.4214865,0.627754,0.4416179823,-0.3549532508,0.02202081885,True,True
MODULATION_DATASET,BASELINE_EC,Theta,CP1,1.527146,0.9596135,0.6283705029,-0.2017842099,0.01237511994,True,True
MODULATION_DATASET,BASELINE_EC,Theta,P3,1.720059398,1.011418,0.5880134145,-0.2306127661,0.03880037315,True,True
MODULATION_DATASET,BASELINE_EC,Theta,P7,0.755356,0.2891785,0.3828373641,-0.4169856826,0.02114865627,True,True
MODULATION_DATASET,BASELINE_EC,Theta,PO9,0.8876925,0.718319,0.8091980049,-0.09194519664,0.05365891411,True,True
MODULATION_DATASET,BASELINE_EC,Theta,O1,1.884959,1.1034875,0.5854172425,-0.2325344903,0.05655304348,True,True
MODULATION_DATASET,BASELINE_EC,Theta,Pz,1.6157665,1.1842635,0.732942229,-0.1349302554,0.01114255952,True,True
MODULATION_DATASET,BASELINE_EC,Theta,Oz,1.99853,1.278094762,0.6395174261,-0.194147617,0.04826667019,True,True
MODULATION_DATASET,BASELINE_EC,Theta,O2,2.098067,1.4157955,0.6748094794,-0.1708188253,0.03780914196,True,True
MODULATION_DATASET,BASELINE_EC,Theta,PO10,2.0245995,1.646554,0.8132739339,-0.08976314696,0.0513490136,True,True
MODULATION_DATASET,BASELINE_EC,Theta,P8,3.0206195,2.3096375,0.76462378,-0.1165521994,0.06529275561,True,True
MODULATION_DATASET,BASELINE_EC,Theta,P4,1.8853475,1.7149615,0.9096262095,-0.04113703461,0.01901803937,True,True
MODULATION_DATASET,BASELINE_EC,Theta,CP2,1.553967,1.4372915,0.9249176463,-0.03389693469,0.02936036101,True,True
MODULATION_DATASET,BASELINE_EC,Theta,CP6,3.074072841,2.470613,0.803693708,-0.09490943167,0.03372770997,True,True
MODULATION_DATASET,BASELINE_EC,Theta,T8,2.971273,2.1468465,0.7225342471,-0.1411415631,0.01270795361,True,True
MODULATION_DATASET,BASELINE_EC,Theta,FT10,2.357022,2.1010995,0.8914212511,-0.04991701676,0.02876911914,True,True
MODULATION_DATASET,BASELINE_EC,Theta,FC6,3.072299,2.23603,0.7278035113,-0.1379858535,0.02003943124,True,True
MODULATION_DATASET,BASELINE_EC,Theta,C4,2.7018625,2.493723,0.9229644366,-0.03481503278,0.02146796925,True,True
MODULATION_DATASET,BASELINE_EC,Theta,FC2,2.2501185,2.934208,1.304023766,0.1152855065,0.02091689502,True,True
MODULATION_DATASET,BASELINE_EC,Theta,F4,3.192897,2.6751315,0.837838333,-0.07683977355,0.03388741507,True,True
MODULATION_DATASET,BASELINE_EC,Theta,F8,3.3657175,2.4262815,0.7208809117,-0.1421364741,0.02663191266,True,True
MODULATION_DATASET,BASELINE_EC,Theta,Fp2,3.2086255,2.529862,0.7884566148,-0.1032221989,0.03138018793,True,True
MODULATION_DATASET,BASELINE_EC,Alpha,Cz,9.229986,5.3004835,0.5742677725,-0.2408855554,0.03632485443,True,True
MODULATION_DATASET,BASELINE_EC,Alpha,Fz,5.441594,6.0391695,1.10981626,0.0452510833,0.03659205147,True,True
MODULATION_DATASET,BASELINE_EC,Alpha,Fp1,6.531865,5.9787945,0.9153273223,-0.03842357386,0.02983627888,True,True
MODULATION_DATASET,BASELINE_EC,Alpha,F7,4.719561,3.748992,0.7943518476,-0.09998709001,0.04664661311,True,True
MODULATION_DATASET,BASELINE_EC,Alpha,F3,6.3242975,4.270272,0.6752168126,-0.1705567525,0.02177794367,True,True
MODULATION_DATASET,BASELINE_EC,Alpha,FC1,3.5312205,3.0472515,0.8629456869,-0.06401653756,0.01480964288,True,True
MODULATION_DATASET,BASELINE_EC,Alpha,C3,3.403608,2.0391715,0.5991205509,-0.2224857831,0.01530612296,True,True
MODULATION_DATASET,BASELINE_EC,Alpha,FC5,3.480738,2.2210475,0.6380967197,-0.195113488,0.0397088159,True,True
MODULATION_DATASET,BASELINE_EC,Alpha,FT9,2.7319995,2.8496375,1.043059305,0.01830900176,0.06046469141,True,True
MODULATION_DATASET,BASELINE_EC,Alpha,T7,2.103486,0.9090185,0.4321485857,-0.364366904,0.04927577484,True,True
MODULATION_DATASET,BASELINE_EC,Alpha,CP5,3.0818055,1.380304,0.4478880968,-0.3488304794,0.02202081885,True,True
MODULATION_DATASET,BASELINE_EC,Alpha,CP1,5.0868115,3.0485135,0.5992975167,-0.2223575219,0.01237511994,True,True
MODULATION_DATASET,BASELINE_EC,Alpha,P3,5.7144075,4.262733,0.7459623767,-0.127283076,0.03880037315,True,True
MODULATION_DATASET,BASELINE_EC,Alpha,P7,2.6598655,1.063426,0.3998044262,-0.3981524022,0.02114865627,True,True
MODULATION_DATASET,BASELINE_EC,Alpha,PO9,4.0493115,2.3007755,0.5681893082,-0.2455069428,0.05365891411,True,True
MODULATION_DATASET,BASELINE_EC,Alpha,O1,9.14609,8.2676945,0.9039594515,-0.04385105003,0.05655304348,True,True
MODULATION_DATASET,BASELINE_EC,Alpha,Pz,5.560874,4.1971325,0.7547613019,-0.1221903751,0.01114255952,True,True
MODULATION_DATASET,BASELINE_EC,Alpha,Oz,9.6402485,8.912369,0.9244957741,-0.03409506965,0.04826667019,True,True
MODULATION_DATASET,BASELINE_EC,Alpha,O2,11.335223,10.235692,0.9029987324,-0.04431285935,0.03780914196,True,True
MODULATION_DATASET,BASELINE_EC,Alpha,PO10,10.6500555,7.025113,0.659631586,-0.1806985567,0.0513490136,True,True
MODULATION_DATASET,BASELINE_EC,Alpha,P8,16.932248,8.67234,0.5121788908,-0.2905783247,0.06529275561,True,True
MODULATION_DATASET,BASELINE_EC,Alpha,P4,6.537014,6.131991,0.938041589,-0.02777790631,0.01901803937,True,True
MODULATION_DATASET,BASELINE_EC,Alpha,CP2,4.9651425,4.045811,0.8148428771,-0.08892612645,0.02936036101,True,True
MODULATION_DATASET,BASELINE_EC,Alpha,CP6,7.623535,5.223776,0.6852170286,-0.1641718528,0.03372770997,True,True
MODULATION_DATASET,BASELINE_EC,Alpha,T8,5.417658,4.0938795,0.755654842,-0.1216765305,0.01270795361,True,True
MODULATION_DATASET,BASELINE_EC,Alpha,FT10,4.292072,4.236879,0.9871407097,-0.005620937427,0.02876911914,True,True
MODULATION_DATASET,BASELINE_EC,Alpha,FC6,5.725287098,4.5984785,0.8031874073,-0.0951831092,0.02003943124,True,True
MODULATION_DATASET,BASELINE_EC,Alpha,C4,5.30702284,4.9948665,0.941180517,-0.02632707155,0.02146796925,True,True
MODULATION_DATASET,BASELINE_EC,Alpha,FC2,4.0816055,5.7101365,1.398992749,0.1458154636,0.02091689502,True,True
MODULATION_DATASET,BASELINE_EC,Alpha,F4,6.0828065,6.1397575,1.009362619,0.00404721694,0.03388741507,True,True
MODULATION_DATASET,BASELINE_EC,Alpha,F8,6.3259665,5.2755015,0.8339439515,-0.07886313686,0.02663191266,True,True
MODULATION_DATASET,BASELINE_EC,Alpha,Fp2,7.0002595,6.47521,0.9249957091,-0.03386028188,0.03138018793,True,True
MODULATION_DATASET,BASELINE_EC,BetaL,Cz,2.578196,1.7365955,0.6735700079,-0.171617259,0.03632485443,True,True
MODULATION_DATASET,BASELINE_EC,BetaL,Fz,1.536663,1.5291605,0.9951176673,-0.002125563233,0.03659205147,True,True
MODULATION_DATASET,BASELINE_EC,BetaL,Fp1,1.5082365,1.2431695,0.8242536897,-0.08393910012,0.02983627888,True,True
MODULATION_DATASET,BASELINE_EC,BetaL,F7,1.183842,0.7959805,0.6723705528,-0.1723913152,0.04664661311,True,True
MODULATION_DATASET,BASELINE_EC,BetaL,F3,1.6035155,1.059778,0.6609091088,-0.1798582626,0.02177794367,True,True
MODULATION_DATASET,BASELINE_EC,BetaL,FC1,1.0800155,0.9482635,0.8780091582,-0.0565009541,0.01480964288,True,True
MODULATION_DATASET,BASELINE_EC,BetaL,C3,1.0746905,0.681812,0.6344263767,-0.1976187692,0.01530612296,True,True
MODULATION_DATASET,BASELINE_EC,BetaL,FC5,1.068165,0.5926095,0.5547920967,-0.2558697343,0.0397088159,True,True
MODULATION_DATASET,BASELINE_EC,BetaL,FT9,0.7317895,0.599651,0.8194309976,-0.08648761151,0.06046469141,True,True
MODULATION_DATASET,BASELINE_EC,BetaL,T7,0.688502,0.261755,0.3801804497,-0.4200102199,0.04927577484,True,True
MODULATION_DATASET,BASELINE_EC,BetaL,CP5,1.0149995,0.5054745,0.4980046788,-0.302766577,0.02202081885,True,True
MODULATION_DATASET,BASELINE_EC,BetaL,CP1,1.169816,0.748948,0.640227181,-0.1936658917,0.01237511994,True,True
MODULATION_DATASET,BASELINE_EC,BetaL,P3,1.3961265,0.9568025,0.6853265087,-0.1641024692,0.03880037315,True,True
MODULATION_DATASET,BASELINE_EC,BetaL,P7,0.638953,0.286006,0.4476166479,-0.3490937695,0.02114865627,True,True
MODULATION_DATASET,BASELINE_EC,BetaL,PO9,0.8443265,0.5510625,0.6526651716,-0.1853095621,0.05365891411,True,True
MODULATION_DATASET,BASELINE_EC,BetaL,O1,1.721347,1.4236415,0.8270508503,-0.08246778752,0.05655304348,True,True
MODULATION_DATASET,BASELINE_EC,BetaL,Pz,1.269061,0.984321,0.7756293827,-0.1103457472,0.01114255952,True,True
MODULATION_DATASET,BASELINE_EC,BetaL,Oz,1.8357365,1.58872,0.8654401108,-0.06276298029,0.04826667019,True,True
MODULATION_DATASET,BASELINE_EC,BetaL,O2,2.0392175,1.767549,0.8667780656,-0.06209208732,0.03780914196,True,True
MODULATION_DATASET,BASELINE_EC,BetaL,PO10,1.885485,1.3053485,0.6923144443,-0.1596966073,0.0513490136,True,True
MODULATION_DATASET,BASELINE_EC,BetaL,P8,2.7717295,1.886244,0.6805296116,-0.1671529728,0.06529275561,True,True
MODULATION_DATASET,BASELINE_EC,BetaL,P4,1.494112,1.502165,1.005389824,0.002334485019,0.01901803937,True,True
MODULATION_DATASET,BASELINE_EC,BetaL,CP2,1.179065,1.1078695,0.9396169846,-0.02704914146,0.02936036101,True,True
MODULATION_DATASET,BASELINE_EC,BetaL,CP6,2.2835275,1.8480325,0.8092884802,-0.09189664151,0.03372770997,True,True
MODULATION_DATASET,BASELINE_EC,BetaL,T8,1.8583795,1.3413135,0.7217651185,-0.1416041104,0.01270795361,True,True
MODULATION_DATASET,BASELINE_EC,BetaL,FT10,1.324037,1.121554,0.8470714942,-0.07207993295,0.02876911914,True,True
MODULATION_DATASET,BASELINE_EC,BetaL,FC6,1.8044345,1.455202,0.8064587548,-0.09341783908,0.02003943124,True,True
MODULATION_DATASET,BASELINE_EC,BetaL,C4,1.7776315,1.816065,1.021620623,0.009289651135,0.02146796925,True,True
MODULATION_DATASET,BASELINE_EC,BetaL,FC2,1.267392422,1.6850525,1.329542824,0.1237023303,0.02091689502,True,True
MODULATION_DATASET,BASELINE_EC,BetaL,F4,1.759149,1.606978,0.9134973786,-0.03929269459,0.03388741507,True,True
MODULATION_DATASET,BASELINE_EC,BetaL,F8,1.8361405,1.386929,0.7553501489,-0.1218516809,0.02663191266,True,True
MODULATION_DATASET,BASELINE_EC,BetaL,Fp2,1.687585,1.470223,0.8711993766,-0.05988244401,0.03138018793,True,True
MODULATION_DATASET,BASELINE_EC,BetaH,Cz,2.420234,1.730393,0.7149692964,-0.1457126081,0.03632485443,True,True
MODULATION_DATASET,BASELINE_EC,BetaH,Fz,1.2502825,1.318458,1.054528077,0.02305814726,0.03659205147,True,True
MODULATION_DATASET,BASELINE_EC,BetaH,Fp1,1.3173535,1.1764835,0.8930659083,-0.04911648899,0.02983627888,True,True
MODULATION_DATASET,BASELINE_EC,BetaH,F7,1.0719805,0.7317693679,0.6826330964,-0.1658126595,0.04664661311,True,True
MODULATION_DATASET,BASELINE_EC,BetaH,F3,1.418305,0.9539805,0.6726201346,-0.1722301364,0.02177794367,True,True
MODULATION_DATASET,BASELINE_EC,BetaH,FC1,0.878682,0.8388385,0.9546553816,-0.0201533749,0.01480964288,True,True
MODULATION_DATASET,BASELINE_EC,BetaH,C3,0.8979815347,0.5990185,0.6670721801,-0.175827171,0.01530612296,True,True
MODULATION_DATASET,BASELINE_EC,BetaH,FC5,0.9063315,0.524875,0.5791203329,-0.2372311867,0.0397088159,True,True
MODULATION_DATASET,BASELINE_EC,BetaH,FT9,0.5358505049,0.4195475,0.7829562465,-0.1062625067,0.06046469141,True,True
MODULATION_DATASET,BASELINE_EC,BetaH,T7,0.5557818469,0.2187355,0.3935635919,-0.4049850844,0.04927577484,True,True
MODULATION_DATASET,BASELINE_EC,BetaH,CP5,0.8861965,0.429842,0.4850414101,-0.3142211822,0.02202081885,True,True
MODULATION_DATASET,BASELINE_EC,BetaH,CP1,0.9756335,0.624609,0.6402086439,-0.1936784664,0.01237511994,True,True
MODULATION_DATASET,BASELINE_EC,BetaH,P3,1.1903405,0.7715275,0.6481569769,-0.1883197997,0.03880037315,True,True
MODULATION_DATASET,BASELINE_EC,BetaH,P7,0.5255005,0.214419,0.408028156,-0.3893098674,0.02114865627,True,True
MODULATION_DATASET,BASELINE_EC,BetaH,PO9,0.7010065,0.4325085,0.6169821535,-0.2097273979,0.05365891411,True,True
MODULATION_DATASET,BASELINE_EC,BetaH,O1,1.512213,1.2251995,0.8102029939,-0.09140615633,0.05655304348,True,True
MODULATION_DATASET,BASELINE_EC,BetaH,Pz,1.057389,0.7981375,0.754819182,-0.1221570718,0.01114255952,True,True
MODULATION_DATASET,BASELINE_EC,BetaH,Oz,1.6180205,1.419105,0.8770624352,-0.05696948951,0.04826667019,True,True
MODULATION_DATASET,BASELINE_EC,BetaH,O2,1.848736,1.662959,0.8995113418,-0.04599335633,0.03780914196,True,True
MODULATION_DATASET,BASELINE_EC,BetaH,PO10,1.579609,0.985552,0.6239214894,-0.2048700559,0.0513490136,True,True
MODULATION_DATASET,BASELINE_EC,BetaH,P8,2.3095285,1.439943,0.623479208,-0.205178025,0.06529275561,True,True
MODULATION_DATASET,BASELINE_EC,BetaH,P4,1.244765,1.263664,1.015182786,0.006544244801,0.01901803937,True,True
MODULATION_DATASET,BASELINE_EC,BetaH,CP2,0.976116,0.916511269,0.9389368365,-0.02736362233,0.02936036101,True,True
MODULATION_DATASET,BASELINE_EC,BetaH,CP6,1.9191535,1.4993825,0.7812728372,-0.1071972747,0.03372770997,True,True
MODULATION_DATASET,BASELINE_EC,BetaH,T8,1.389751,1.0312275,0.7420232114,-0.1295825093,0.01270795361,True,True
MODULATION_DATASET,BASELINE_EC,BetaH,FT10,0.942392,0.8059280221,0.8551940404,-0.06793533428,0.02876911914,True,True
MODULATION_DATASET,BASELINE_EC,BetaH,FC6,1.45627,1.184238,0.8131994754,-0.08980291021,0.02003943124,True,True
MODULATION_DATASET,BASELINE_EC,BetaH,C4,1.458601,1.4796285,1.014416211,0.006216180953,0.02146796925,True,True
MODULATION_DATASET,BASELINE_EC,BetaH,FC2,1.0355815,1.462364,1.412118699,0.1498712038,0.02091689502,True,True
MODULATION_DATASET,BASELINE_EC,BetaH,F4,1.428539736,1.407332,0.9851542553,-0.006495762412,0.03388741507,True,True
MODULATION_DATASET,BASELINE_EC,BetaH,F8,1.458575158,1.162254,0.7968420368,-0.09862776309,0.02663191266,True,True
MODULATION_DATASET,BASELINE_EC,BetaH,Fp2,1.465358,1.45123,0.99035867,-0.004207492064,0.03138018793,True,True
MODULATION_DATASET,BASELINE_EC,Gamma,Cz,0.4465655,0.2253025,0.5045228528,-0.2971191573,0.03632485443,True,True
MODULATION_DATASET,BASELINE_EC,Gamma,Fz,0.2252571413,0.183422,0.8142782909,-0.08922714358,0.03659205147,True,True
MODULATION_DATASET,BASELINE_EC,Gamma,Fp1,0.335643,0.2958825,0.8815393141,-0.05475831466,0.02983627888,True,True
MODULATION_DATASET,BASELINE_EC,Gamma,F7,0.273248,0.189348,0.6929529219,-0.1592962697,0.04664661311,True,True
MODULATION_DATASET,BASELINE_EC,Gamma,F3,0.276646,0.153367,0.5543799657,-0.2561924727,0.02177794367,True,True
MODULATION_DATASET,BASELINE_EC,Gamma,FC1,0.1796095,0.146876,0.817751845,-0.08737846737,0.01480964288,True,True
MODULATION_DATASET,BASELINE_EC,Gamma,C3,0.185737,0.114162,0.6146432859,-0.211376858,0.01530612296,True,True
MODULATION_DATASET,BASELINE_EC,Gamma,FC5,0.1853475,0.1039185,0.5606684741,-0.2512938632,0.0397088159,True,True
MODULATION_DATASET,BASELINE_EC,Gamma,FT9,0.1271085,0.09393270623,0.7389962609,-0.131357759,0.06046469141,True,True
MODULATION_DATASET,BASELINE_EC,Gamma,T7,0.120539,0.064118,0.531927426,-0.274147617,0.04927577484,True,True
MODULATION_DATASET,BASELINE_EC,Gamma,CP5,0.1771805,0.094389,0.5327279243,-0.2734945379,0.02202081885,True,True
MODULATION_DATASET,BASELINE_EC,Gamma,CP1,0.202954,0.125477,0.6182533973,-0.2088334885,0.01237511994,True,True
MODULATION_DATASET,BASELINE_EC,Gamma,P3,0.2271925,0.1333815,0.5870858413,-0.2312983933,0.03880037315,True,True
MODULATION_DATASET,BASELINE_EC,Gamma,P7,0.129204,0.0593995,0.4597342188,-0.3374931698,0.02114865627,True,True
MODULATION_DATASET,BASELINE_EC,Gamma,PO9,0.269095,0.1468825,0.5458388302,-0.2629355725,0.05365891411,True,True
MODULATION_DATASET,BASELINE_EC,Gamma,O1,0.3545515,0.2825335,0.7968757712,-0.09860937757,0.05655304348,True,True
MODULATION_DATASET,BASELINE_EC,Gamma,Pz,0.2202155,0.1432105,0.6503198004,-0.1868730228,0.01114255952,True,True
MODULATION_DATASET,BASELINE_EC,Gamma,Oz,0.4154455,0.3386545,0.8151598705,-0.08875720833,0.04826667019,True,True
MODULATION_DATASET,BASELINE_EC,Gamma,O2,0.590728,0.4699695,0.7955768137,-0.09931788245,0.03780914196,True,True
MODULATION_DATASET,BASELINE_EC,Gamma,PO10,0.5402365,0.196958,0.3645773657,-0.4382102975,0.0513490136,True,True
MODULATION_DATASET,BASELINE_EC,Gamma,P8,0.4122715,0.2189205,0.5310105113,-0.274896882,0.06529275561,True,True
MODULATION_DATASET,BASELINE_EC,Gamma,P4,0.2441605,0.1923185,0.7876724532,-0.1036543426,0.01901803937,True,True
MODULATION_DATASET,BASELINE_EC,Gamma,CP2,0.201043,0.154117,0.7665872475,-0.1154384097,0.02936036101,True,True
MODULATION_DATASET,BASELINE_EC,Gamma,CP6,0.299404,0.1921265,0.6416965037,-0.192670327,0.03372770997,True,True
MODULATION_DATASET,BASELINE_EC,Gamma,T8,0.2151865,0.1348961175,0.6268800202,-0.2028155717,0.01270795361,True,True
MODULATION_DATASET,BASELINE_EC,Gamma,FT10,0.178611,0.1402225,0.785072028,-0.1050904962,0.02876911914,True,True
MODULATION_DATASET,BASELINE_EC,Gamma,FC6,0.2675425,0.1841835,0.6884270723,-0.1621420594,0.02003943124,True,True
MODULATION_DATASET,BASELINE_EC,Gamma,C4,0.252416,0.192665,0.763283627,-0.1173140534,0.02146796925,True,True
MODULATION_DATASET,BASELINE_EC,Gamma,FC2,0.2041215,0.2140675,1.048725881,0.02066198605,0.02091689502,True,True
MODULATION_DATASET,BASELINE_EC,Gamma,F4,0.28454,0.2316085,0.813975188,-0.08938883328,0.03388741507,True,True
MODULATION_DATASET,BASELINE_EC,Gamma,F8,0.3236085,0.232969,0.7199100147,-0.1427217849,0.02663191266,True,True
MODULATION_DATASET,BASELINE_EC,Gamma,Fp2,0.3550397897,0.3404965,0.959037578,-0.01816437552,0.03138018793,True,True
