Track,N_Matched,Matched_Progress_Min,Matched_Progress_Max,Baseline_Observed_Progress_Min,Baseline_Observed_Progress_Max,Modulation_Observed_Progress_Min,Modulation_Observed_Progress_Max,Baseline_Flux_Source,Modulation_Flux_Source,Direct_Window_Positions_Identical,Interpolation_Required,DeltaEntropy_Mean,DeltaEntropy_Median,DeltaEntropy_Q25,DeltaEntropy_Q75,DeltaLZC_Mean,DeltaLZC_Median,DeltaLZC_Q25,DeltaLZC_Q75,DeltaFlux_Mean,DeltaFlux_Median,DeltaFlux_Q25,DeltaFlux_Q75,Corr_DeltaEntropy_DeltaLZC,Corr_DeltaEntropy_DeltaFlux,Corr_DeltaLZC_DeltaFlux,N_Hplus_LZCminus_Fluxplus,N_Hplus_LZCminus_Fluxminus,Pct_Hplus_LZCminus,N_H-_LZC-_Flux-,N_H-_LZC-_Flux+,N_H-_LZC+_Flux-,N_H-_LZC+_Flux+,N_H+_LZC-_Flux-,N_H+_LZC-_Flux+,N_H+_LZC+_Flux-,N_H+_LZC+_Flux+,Band,Channel,Feature
POW_Feature,181,0.0,1.0,0.0,1.0,0.0,1.0,Script18_Regionalised_L2_Native,Script18_Regionalised_L2_Native,True,False,-0.7687249237138124,-0.7376068389999997,-1.1931211439999996,-0.331491481000008,0.009592636365193408,0.0,-0.07902410120000003,0.15804820239999706,-5.099788631830462,-4.734754845060504,-10.34247803699239,-0.2718717021076813,-0.1037149034337913,0.5383807041059241,0.08362139372613601,3,3,3.314917127071823,54,15,61,15,3,3,0,8,Alpha,C3,POW.C3.Alpha
POW_Feature,181,0.0,1.0,0.0,1.0,0.0,1.0,Script18_Regionalised_L2_Native,Script18_Regionalised_L2_Native,True,False,-0.24167113309613228,-0.2567071810000141,-0.6503804469999999,0.20079680300000025,-4.1676707183675655e-06,0.0,-0.15804820239999384,0.07902410120000158,-5.099788631830462,-4.734754845060504,-10.34247803699239,-0.2718717021076813,-0.1144723102274458,0.6084659614197704,0.06273177575128594,14,18,17.679558011049725,47,5,45,9,18,14,11,15,Alpha,C4,POW.C4.Alpha
POW_Feature,181,0.0,1.0,0.0,1.0,0.0,1.0,Script18_Regionalised_L2_Native,Script18_Regionalised_L2_Native,True,False,-0.7007557161690612,-0.6581000550000002,-1.2174878900000001,-0.0880874089999999,0.016124924350275942,0.0,-0.07902410120000003,0.15804820239999684,-5.099788631830462,-4.734754845060504,-10.34247803699239,-0.2718717021076813,-0.14707198155646561,0.6873945258970935,0.10635402936325047,12,5,9.392265193370166,46,6,55,9,5,12,3,13,Alpha,CP1,POW.CP1.Alpha
POW_Feature,181,0.0,1.0,0.0,1.0,0.0,1.0,Script18_Regionalised_L2_Native,Script18_Regionalised_L2_Native,True,False,-0.36668226931325987,-0.39104365600000035,-0.8622964670000024,0.1777788869999899,0.0366741685110495,0.07902410119999959,-0.07902410119999997,0.15804820239999995,-5.099788631830462,-4.734754845060504,-10.34247803699239,-0.2718717021076813,-0.08455208401212869,0.7168568745570197,0.1684848323316478,13,7,11.049723756906078,34,1,66,6,7,13,9,18,Alpha,CP2,POW.CP2.Alpha
POW_Feature,181,0.0,1.0,0.0,1.0,0.0,1.0,Script18_Regionalised_L2_Native,Script18_Regionalised_L2_Native,True,False,-1.1971760908917135,-1.126248318,-1.7241418139999998,-0.6852546749999999,0.023551245174585497,3.219646771412954e-15,-0.07902410120000003,0.15804820239999995,-5.099788631830462,-4.734754845060504,-10.34247803699239,-0.2718717021076813,-0.14885827908854807,0.46321142878506977,0.10603938380675285,1,2,1.6574585635359116,47,16,70,19,2,1,0,5,Alpha,CP5,POW.CP5.Alpha
POW_Feature,181,0.0,1.0,0.0,1.0,0.0,1.0,Script18_Regionalised_L2_Native,Script18_Regionalised_L2_Native,True,False,-0.5832823423900554,-0.6194857790000001,-0.952263936,-0.15744972999999973,0.022270627122651945,0.0,-0.07902410119999997,0.07902410120000158,-5.099788631830462,-4.734754845060504,-10.34247803699239,-0.2718717021076813,-0.046928639690387686,0.6262757349303737,0.06589266717306849,11,3,7.734806629834254,45,8,55,9,3,11,5,10,Alpha,CP6,POW.CP6.Alpha
POW_Feature,181,0.0,1.0,0.0,1.0,0.0,1.0,Script18_Regionalised_L2_Native,Script18_Regionalised_L2_Native,True,False,-0.8422879888955802,-0.8331447380000139,-1.205184043,-0.41942747299999983,-0.005247502269060723,0.0,-0.07902410120000003,0.07902410120000003,-5.099788631830462,-4.734754845060504,-10.34247803699239,-0.2718717021076813,-0.1589689692368275,0.6062721780501501,0.09845591655145254,5,4,4.972375690607735,58,11,56,19,4,5,0,5,Alpha,Cz,POW.Cz.Alpha
POW_Feature,181,0.0,1.0,0.0,1.0,0.0,1.0,Script18_Regionalised_L2_Native,Script18_Regionalised_L2_Native,True,False,-0.6190182942596687,-0.6469650099999997,-1.0163221290000064,-0.17278026000000013,0.00479840201767947,0.0,-0.07902410120000003,0.07902410120000003,-5.099788631830462,-4.734754845060504,-10.34247803699239,-0.2718717021076813,-0.1425870127222736,0.6664202265857507,0.08780113518280187,9,11,11.049723756906078,45,7,58,10,11,9,1,13,Alpha,F3,POW.F3.Alpha
POW_Feature,181,0.0,1.0,0.0,1.0,0.0,1.0,Script18_Regionalised_L2_Native,Script18_Regionalised_L2_Native,True,False,-0.13732830056906084,-0.13879253799999614,-0.5156784050000001,0.29931335599999986,-0.01134319301270714,0.0,-0.07902410120000003,0.07902410120000003,-5.099788631830462,-4.734754845060504,-10.34247803699239,-0.2718717021076813,-0.14192969719719445,0.6101507289240773,0.12418281327315049,11,24,19.337016574585636,39,2,36,8,24,11,9,14,Alpha,F4,POW.F4.Alpha
POW_Feature,181,0.0,1.0,0.0,1.0,0.0,1.0,Script18_Regionalised_L2_Native,Script18_Regionalised_L2_Native,True,False,-0.3847522379171271,-0.4580427949999999,-0.8131467490000004,0.08945538499999994,-0.00044076491325985436,0.0,-0.07902410120000003,0.07902410120000003,-5.099788631830462,-4.734754845060504,-10.34247803699239,-0.2718717021076813,-0.06245227175118324,0.6639893887044305,0.11664905075425415,13,17,16.574585635359117,42,3,48,10,17,13,4,12,Alpha,F7,POW.F7.Alpha
POW_Feature,181,0.0,1.0,0.0,1.0,0.0,1.0,Script18_Regionalised_L2_Native,Script18_Regionalised_L2_Native,True,False,-0.2701877070160225,-0.26611411900000004,-0.6267358870000002,0.10277081999999993,-0.020965003059668474,0.0,-0.15804820239999767,0.07902410120000003,-5.099788631830462,-4.734754845060504,-10.34247803699239,-0.2718717021076813,-0.2088260240632552,0.6034788281174266,0.059260495196250575,12,17,16.022099447513813,46,7,46,8,17,12,4,10,Alpha,F8,POW.F8.Alpha
POW_Feature,181,0.0,1.0,0.0,1.0,0.0,1.0,Script18_Regionalised_L2_Native,Script18_Regionalised_L2_Native,True,False,-0.3139134352651931,-0.29083472399999977,-0.6498169019999995,0.060510315999988684,-0.0065572940027625514,0.0,-0.07902410120000003,0.07902410120000003,-5.099788631830462,-4.734754845060504,-10.34247803699239,-0.2718717021076813,-0.1781324875690413,0.5568262083253793,0.09636391675273005,13,15,15.469613259668508,39,3,50,12,15,13,6,9,Alpha,FC1,POW.FC1.Alpha
POW_Feature,181,0.0,1.0,0.0,1.0,0.0,1.0,Script18_Regionalised_L2_Native,Script18_Regionalised_L2_Native,True,False,0.2452674749392267,0.25515912999999957,-0.08806726899999973,0.6004023749999998,0.0039252075287291915,0.0,-0.07902410120000003,0.07902410120000003,-5.099788631830462,-4.734754845060504,-10.34247803699239,-0.2718717021076813,-0.15435010358397683,0.6346976826378411,0.062347683375135424,17,34,28.176795580110497,17,0,28,4,34,17,35,18,Alpha,FC2,POW.FC2.Alpha
POW_Feature,181,0.0,1.0,0.0,1.0,0.0,1.0,Script18_Regionalised_L2_Native,Script18_Regionalised_L2_Native,True,False,-0.7290579823099449,-0.7417245039999996,-1.073206984,-0.2572554560000002,0.001288953386187789,0.0,-0.07902410120000003,0.07902410120000003,-5.099788631830462,-4.734754845060504,-10.34247803699239,-0.2718717021076813,-0.11247149573641088,0.5945503303098792,0.13457192552324038,7,6,7.18232044198895,58,9,48,18,6,7,2,4,Alpha,FC5,POW.FC5.Alpha
POW_Feature,181,0.0,1.0,0.0,1.0,0.0,1.0,Script18_Regionalised_L2_Native,Script18_Regionalised_L2_Native,True,False,-0.4089910012320443,-0.34321848999999993,-0.6983401349999996,-0.07665758800000022,-0.002623751136464133,0.0,-0.15804820239999373,0.07902410120000003,-5.099788631830462,-4.734754845060504,-10.34247803699239,-0.2718717021076813,-0.1391628916086853,0.5577372438453754,0.13808992275814044,9,12,11.602209944751381,52,6,46,14,12,9,4,10,Alpha,FC6,POW.FC6.Alpha
POW_Feature,181,0.0,1.0,0.0,1.0,0.0,1.0,Script18_Regionalised_L2_Native,Script18_Regionalised_L2_Native,True,False,-0.0836144973950278,-0.05855976700000021,-0.43089489999998865,0.2801048750000015,-0.003056180711602191,0.0,-0.07902410120000314,0.07902410120000014,-5.099788631830462,-4.734754845060504,-10.34247803699239,-0.2718717021076813,-0.07162721622111369,0.48689761777322943,0.09615379278503794,10,28,20.994475138121548,35,4,40,6,28,10,15,17,Alpha,FT10,POW.FT10.Alpha
POW_Feature,181,0.0,1.0,0.0,1.0,0.0,1.0,Script18_Regionalised_L2_Native,Script18_Regionalised_L2_Native,True,False,0.014125838839779224,0.0014314159999999632,-0.5083879299999996,0.5169437810000033,-0.018345419594475533,-1.5543122344752192e-15,-0.15804820239999923,0.07902410120000003,-5.099788631830462,-4.734754845060504,-10.34247803699239,-0.2718717021076813,-0.1079673081832873,0.5359878124388597,0.12190033690309898,15,33,26.519337016574585,42,3,26,7,33,15,18,13,Alpha,FT9,POW.FT9.Alpha
POW_Feature,181,0.0,1.0,0.0,1.0,0.0,1.0,Script18_Regionalised_L2_Native,Script18_Regionalised_L2_Native,True,False,-0.18893506064640914,-0.22859615700000013,-0.5544681600000003,0.25737613099999646,-0.0039377105370166565,0.0,-0.07902410120000003,0.07902410120000003,-5.099788631830462,-4.734754845060504,-10.34247803699239,-0.2718717021076813,-0.11392346456102449,0.655394743552636,0.09482749032337813,14,14,15.469613259668508,45,1,35,10,14,14,14,14,Alpha,Fp1,POW.Fp1.Alpha
POW_Feature,181,0.0,1.0,0.0,1.0,0.0,1.0,Script18_Regionalised_L2_Native,Script18_Regionalised_L2_Native,True,False,-0.165780283574586,-0.18899269300000032,-0.5524602740000004,0.20348309700000033,-0.018345419592817776,0.0,-0.15804820239999995,0.07902410120000003,-5.099788631830462,-4.734754845060504,-10.34247803699239,-0.2718717021076813,-0.17142164949664399,0.6513962453310851,0.08615512398699689,16,25,22.65193370165746,40,3,36,9,25,16,13,10,Alpha,Fp2,POW.Fp2.Alpha
POW_Feature,181,0.0,1.0,0.0,1.0,0.0,1.0,Script18_Regionalised_L2_Native,Script18_Regionalised_L2_Native,True,False,-0.02427276181712686,-0.05744926599999989,-0.42012050599999995,0.37865433800000003,-0.012682158425414466,0.0,-0.07902410120000014,0.07902410120000003,-5.099788631830462,-4.734754845060504,-10.34247803699239,-0.2718717021076813,-0.15419291588656092,0.6468222335341265,0.0592056024432919,17,28,24.861878453038674,33,2,40,7,28,17,12,12,Alpha,Fz,POW.Fz.Alpha
POW_Feature,181,0.0,1.0,0.0,1.0,0.0,1.0,Script18_Regionalised_L2_Native,Script18_Regionalised_L2_Native,True,False,-0.17092927153756957,-0.20098791900000057,-0.6972942480000004,0.3177376479999845,0.013509508555248257,0.0,-0.0790241012000017,0.07902410120000164,-5.099788631830462,-4.734754845060504,-10.34247803699239,-0.2718717021076813,-0.0994395476400104,0.714252313007835,0.13950037861383924,15,20,19.337016574585636,36,2,47,5,20,15,10,18,Alpha,O1,POW.O1.Alpha
POW_Feature,181,0.0,1.0,0.0,1.0,0.0,1.0,Script18_Regionalised_L2_Native,Script18_Regionalised_L2_Native,True,False,-0.19528327830607786,-0.26244006699999733,-0.7552627469999997,0.2626541809999998,0.00870693886961314,0.0,-0.07902410120000003,0.07902410120000003,-5.099788631830462,-4.734754845060504,-10.34247803699239,-0.2718717021076813,-0.034898190047446785,0.7059634824083084,0.1602321344583064,14,17,17.12707182320442,39,3,42,5,17,14,18,19,Alpha,O2,POW.O2.Alpha
POW_Feature,181,0.0,1.0,0.0,1.0,0.0,1.0,Script18_Regionalised_L2_Native,Script18_Regionalised_L2_Native,True,False,-0.15036228272762478,-0.2326647260000163,-0.7211666050000005,0.35253165499999994,0.018748675486187572,0.0,-0.07902410120000003,0.15653950619999998,-5.099788631830462,-4.734754845060504,-10.34247803699239,-0.2718717021076813,-0.1305883807537613,0.7133319717907998,0.1689502068571366,15,20,19.337016574585636,34,2,47,4,20,15,12,19,Alpha,Oz,POW.Oz.Alpha
POW_Feature,181,0.0,1.0,0.0,1.0,0.0,1.0,Script18_Regionalised_L2_Native,Script18_Regionalised_L2_Native,True,False,-0.4589353314397795,-0.5432221180000005,-1.0513971159999995,0.2515538460000002,0.013958608805524547,0.0,-0.07902410120000003,0.15804820229999997,-5.099788631830462,-4.734754845060504,-10.34247803699239,-0.2718717021076813,-0.12254089448258668,0.719982008759322,0.10272612993596626,13,15,15.469613259668508,49,3,51,8,15,13,4,16,Alpha,P3,POW.P3.Alpha
POW_Feature,181,0.0,1.0,0.0,1.0,0.0,1.0,Script18_Regionalised_L2_Native,Script18_Regionalised_L2_Native,True,False,-0.20555226642541458,-0.3199757479999996,-0.7298088310000104,0.35144419299999985,0.018777849166298072,0.0,-0.07902410120000003,0.07902410120000003,-5.099788631830462,-4.734754845060504,-10.34247803699239,-0.2718717021076813,-0.18573901606529822,0.760863882445218,0.07547750915011013,14,11,13.812154696132596,36,1,55,7,11,14,6,15,Alpha,P4,POW.P4.Alpha
POW_Feature,181,0.0,1.0,0.0,1.0,0.0,1.0,Script18_Regionalised_L2_Native,Script18_Regionalised_L2_Native,True,False,-1.1809558051464093,-1.1236029249999997,-1.791218512,-0.6292787180000037,0.01657819227182297,0.0,-0.07902410120000003,0.15804820239999695,-5.099788631830462,-4.734754845060504,-10.34247803699239,-0.2718717021076813,-0.15676288358897936,0.5855910831741294,0.11759431955911269,8,2,5.524861878453039,50,7,60,20,2,8,0,4,Alpha,P7,POW.P7.Alpha
POW_Feature,181,0.0,1.0,0.0,1.0,0.0,1.0,Script18_Regionalised_L2_Native,Script18_Regionalised_L2_Native,True,False,-0.8616246300552484,-0.8796726400000003,-1.305796678,-0.4624214809999998,0.04013360511381192,0.07902410119999681,-0.07902410120000003,0.1580482024,-5.099788631830462,-4.734754845060504,-10.34247803699239,-0.2718717021076813,-0.010340062583764369,0.5338550542068842,0.26552319692048415,5,1,3.314917127071823,46,8,62,20,1,5,2,9,Alpha,P8,POW.P8.Alpha
POW_Feature,181,0.0,1.0,0.0,1.0,0.0,1.0,Script18_Regionalised_L2_Native,Script18_Regionalised_L2_Native,True,False,-0.5948428839348067,-0.5952863620000004,-0.957437207999996,-0.27350192299999954,0.029659438921546745,0.07902410119999687,-0.07902410120000003,0.1580482024,-5.099788631830462,-4.734754845060504,-10.34247803699239,-0.2718717021076813,-0.10295094197364349,0.5012562718372245,0.2342963399820546,6,5,6.077348066298343,51,6,62,20,5,6,1,9,Alpha,PO10,POW.PO10.Alpha
POW_Feature,181,0.0,1.0,0.0,1.0,0.0,1.0,Script18_Regionalised_L2_Native,Script18_Regionalised_L2_Native,True,False,-0.8331325600068513,-0.8817150379999998,-1.2632331260000003,-0.4767370689999999,0.02792555295248609,0.0030173921999999687,-0.07902410119999997,0.1580482024,-5.099788631830462,-4.734754845060504,-10.34247803699239,-0.2718717021076813,-0.09799210714277942,0.587071679622738,0.13908656095281424,5,3,4.419889502762431,46,10,67,15,3,5,1,10,Alpha,PO9,POW.PO9.Alpha
POW_Feature,181,0.0,1.0,0.0,1.0,0.0,1.0,Script18_Regionalised_L2_Native,Script18_Regionalised_L2_Native,True,False,-0.420774017181216,-0.4428840500000062,-0.9585705649999845,0.15970917300000043,0.021380761955248292,0.0,-0.07902410120000003,0.15804820239999212,-5.099788631830462,-4.734754845060504,-10.34247803699239,-0.2718717021076813,-0.18992726153050218,0.7151335672242645,0.10816761871557513,16,12,15.469613259668508,41,1,56,7,12,16,4,17,Alpha,Pz,POW.Pz.Alpha
POW_Feature,181,0.0,1.0,0.0,1.0,0.0,1.0,Script18_Regionalised_L2_Native,Script18_Regionalised_L2_Native,True,False,-1.1592464211497242,-1.1046900940000075,-1.5531365959999972,-0.7011542540000235,0.0030436777055248615,0.0,-0.07902410120000003,0.07902410120000081,-5.099788631830462,-4.734754845060504,-10.34247803699239,-0.2718717021076813,-0.0706833817830194,0.5457432186118053,0.07928770667898805,3,0,1.6574585635359116,56,15,56,25,0,3,0,1,Alpha,T7,POW.T7.Alpha
POW_Feature,181,0.0,1.0,0.0,1.0,0.0,1.0,Script18_Regionalised_L2_Native,Script18_Regionalised_L2_Native,True,False,-0.46864842726574574,-0.480518585,-0.781207771,-0.10176480199999993,-0.0034886102834254537,0.0,-0.07902410120000003,0.07902410120000003,-5.099788631830462,-4.734754845060504,-10.34247803699239,-0.2718717021076813,-0.16781563773782435,0.4578870012163243,0.0005431932573092066,6,10,8.839779005524862,50,10,51,15,10,6,3,9,Alpha,T8,POW.T8.Alpha
POW_Feature,181,0.0,1.0,0.0,1.0,0.0,1.0,Script18_Regionalised_L2_Native,Script18_Regionalised_L2_Native,True,False,-0.637202437649172,-0.62310855,-1.0008348059999999,-0.23241350599999988,0.003077019057458582,0.0,-0.07902410120000003,0.07902410120000003,-5.099788631830462,-4.734754845060504,-10.34247803699239,-0.2718717021076813,-0.1767040337986797,0.10395375685435344,0.038382107376656635,4,12,8.839779005524862,42,17,57,20,12,4,6,2,BetaH,C3,POW.C3.BetaH
POW_Feature,181,0.0,1.0,0.0,1.0,0.0,1.0,Script18_Regionalised_L2_Native,Script18_Regionalised_L2_Native,True,False,-0.07297755755801136,-0.08407663900000006,-0.3866277969999965,0.2414718090000001,0.011351528348618752,0.0,-0.07902410120000003,0.07902410120000003,-5.099788631830462,-4.734754845060504,-10.34247803699239,-0.2718717021076813,0.007862634127976937,0.35328573943134156,0.02074957869853214,17,19,19.88950276243094,28,4,41,11,19,17,24,9,BetaH,C4,POW.C4.BetaH
POW_Feature,181,0.0,1.0,0.0,1.0,0.0,1.0,Script18_Regionalised_L2_Native,Script18_Regionalised_L2_Native,True,False,-0.6381133828950282,-0.6532739819999929,-1.019491496000001,-0.21929045800000058,0.0004324295745855958,0.0,-0.07902410120000003,0.07902410120000003,-5.099788631830462,-4.734754845060504,-10.34247803699239,-0.2718717021076813,-0.060385081675137016,0.3581633676955972,0.07820920469843072,7,7,7.734806629834254,51,12,53,18,7,7,4,3,BetaH,CP1,POW.CP1.BetaH
POW_Feature,181,0.0,1.0,0.0,1.0,0.0,1.0,Script18_Regionalised_L2_Native,Script18_Regionalised_L2_Native,True,False,-0.19693140769613307,-0.18810156900000052,-0.5519812399999999,0.126771368,0.004361804774585678,0.0,-0.07902410120000003,0.07902410120000003,-5.099788631830462,-4.734754845060504,-10.34247803699239,-0.2718717021076813,-0.03048458524284995,0.3764977609499134,0.12329975255189063,13,18,17.12707182320442,36,5,44,7,18,13,18,11,BetaH,CP2,POW.CP2.BetaH
POW_Feature,181,0.0,1.0,0.0,1.0,0.0,1.0,Script18_Regionalised_L2_Native,Script18_Regionalised_L2_Native,True,False,-0.9927548235745856,-0.9666894860000044,-1.3604172,-0.5772340589999994,-0.013534514569060728,0.0,-0.08355018959999999,0.07902410120000003,-5.099788631830462,-4.734754845060504,-10.34247803699239,-0.2718717021076813,-0.026914692905844688,0.12187890342044719,0.06228219565248344,1,1,1.1049723756906078,59,22,51,19,1,1,1,0,BetaH,CP5,POW.CP5.BetaH
POW_Feature,181,0.0,1.0,0.0,1.0,0.0,1.0,Script18_Regionalised_L2_Native,Script18_Regionalised_L2_Native,True,False,-0.4095337113480665,-0.40368253300000045,-0.7428360840000008,-0.045550835000002454,0.01178395792320439,0.0,-0.07902410120000003,0.07902410120000003,-5.099788631830462,-4.734754845060504,-10.34247803699239,-0.2718717021076813,-0.0464042526137196,0.3488201592489617,0.035773342930752315,5,9,7.734806629834254,44,12,56,11,9,5,8,11,BetaH,CP6,POW.CP6.BetaH
POW_Feature,181,0.0,1.0,0.0,1.0,0.0,1.0,Script18_Regionalised_L2_Native,Script18_Regionalised_L2_Native,True,False,-0.5236489887138124,-0.5157640620000001,-0.8125457620000001,-0.15851495000000204,0.01439520605027613,0.0,-0.07902410120000003,0.15804820229999839,-5.099788631830462,-4.734754845060504,-10.34247803699239,-0.2718717021076813,-0.044068732057363086,0.3327624988948217,0.015377776071549387,7,8,8.287292817679559,48,14,57,17,8,7,7,4,BetaH,Cz,POW.Cz.BetaH
POW_Feature,181,0.0,1.0,0.0,1.0,0.0,1.0,Script18_Regionalised_L2_Native,Script18_Regionalised_L2_Native,True,False,-0.5804207658729283,-0.5681126200000004,-0.9337903050000005,-0.24660399799999988,1.250300607725238e-05,0.0,-0.07902410120000003,0.07902410120000125,-5.099788631830462,-4.734754845060504,-10.34247803699239,-0.2718717021076813,0.02953602539871932,0.23335081188802398,0.11799129885056252,4,6,5.524861878453039,57,14,47,18,6,4,5,3,BetaH,F3,POW.F3.BetaH
POW_Feature,181,0.0,1.0,0.0,1.0,0.0,1.0,Script18_Regionalised_L2_Native,Script18_Regionalised_L2_Native,True,False,-0.14486379857458598,-0.08955408299999723,-0.4912912380000001,0.23224276699999002,0.004819240361326015,0.0,-0.07902410120000003,0.07902410120000003,-5.099788631830462,-4.734754845060504,-10.34247803699239,-0.2718717021076813,-0.1330104906947489,0.2937035581042325,0.13587385641133462,10,22,17.679558011049725,35,8,34,12,22,10,18,9,BetaH,F4,POW.F4.BetaH
POW_Feature,181,0.0,1.0,0.0,1.0,0.0,1.0,Script18_Regionalised_L2_Native,Script18_Regionalised_L2_Native,True,False,-0.5386868655193369,-0.544575934,-0.949536846,-0.15137470200000358,-0.008719441876795749,0.0,-0.07902410120000003,0.07902410120000003,-5.099788631830462,-4.734754845060504,-10.34247803699239,-0.2718717021076813,-0.14678937979053988,0.13179981788429673,0.012087854090267254,2,12,7.734806629834254,53,12,43,21,12,2,8,3,BetaH,F7,POW.F7.BetaH
POW_Feature,181,0.0,1.0,0.0,1.0,0.0,1.0,Script18_Regionalised_L2_Native,Script18_Regionalised_L2_Native,True,False,-0.35010476858011064,-0.2601523610000003,-0.6722921849999999,-0.009096142000001084,-0.005663261167403396,0.0,-0.07902410120000003,0.07902410120000003,-5.099788631830462,-4.734754845060504,-10.34247803699239,-0.2718717021076813,-0.1870258645977247,0.21215785106637614,0.00601985452805151,4,22,14.3646408839779,40,10,47,17,22,4,6,4,BetaH,F8,POW.F8.BetaH
POW_Feature,181,0.0,1.0,0.0,1.0,0.0,1.0,Script18_Regionalised_L2_Native,Script18_Regionalised_L2_Native,True,False,-0.19735579362430958,-0.20847430699999947,-0.5042337060000008,0.16193273099999406,-0.006973052901105181,0.0,-0.07902410120000003,0.07902410120000003,-5.099788631830462,-4.734754845060504,-10.34247803699239,-0.2718717021076813,-0.05594423040579255,0.22101438022182324,0.0682601948021337,8,25,18.23204419889503,41,11,36,12,25,8,10,8,BetaH,FC1,POW.FC1.BetaH
POW_Feature,181,0.0,1.0,0.0,1.0,0.0,1.0,Script18_Regionalised_L2_Native,Script18_Regionalised_L2_Native,True,False,0.26431603454143626,0.2813821070000002,-0.03998743500000046,0.5795067839999994,0.015738339134806507,0.0,-0.07902410120000003,0.15804820229999672,-5.099788631830462,-4.734754845060504,-10.34247803699239,-0.2718717021076813,0.019518800740972606,0.327505095721427,0.1737859184529842,13,40,29.281767955801104,16,2,18,3,40,13,37,23,BetaH,FC2,POW.FC2.BetaH
POW_Feature,181,0.0,1.0,0.0,1.0,0.0,1.0,Script18_Regionalised_L2_Native,Script18_Regionalised_L2_Native,True,False,-0.7955915812983426,-0.756853081,-1.1017891449999997,-0.4173137530000033,0.0008690268187844481,0.0,-0.07902410120000003,0.07902410120000003,-5.099788631830462,-4.734754845060504,-10.34247803699239,-0.2718717021076813,-0.12699920397480102,0.15422189778045436,0.13749401533037064,1,4,2.7624309392265194,60,15,55,23,4,1,3,0,BetaH,FC5,POW.FC5.BetaH
POW_Feature,181,0.0,1.0,0.0,1.0,0.0,1.0,Script18_Regionalised_L2_Native,Script18_Regionalised_L2_Native,True,False,-0.3174529429779011,-0.30208102199999987,-0.5968144579999999,-0.024074576000000292,0.006989723577347924,0.0,-0.07902410120000003,0.07902410120000003,-5.099788631830462,-4.734754845060504,-10.34247803699239,-0.2718717021076813,-0.03914381184331576,0.3372948967381212,-0.036710439325234274,6,9,8.287292817679559,40,9,47,15,9,6,14,5,BetaH,FC6,POW.FC6.BetaH
POW_Feature,181,0.0,1.0,0.0,1.0,0.0,1.0,Script18_Regionalised_L2_Native,Script18_Regionalised_L2_Native,True,False,-0.288531679254696,-0.2734314440000003,-0.6200862069999924,0.046874815999999875,0.00959263636519333,0.0,-0.07902410120000003,0.15804820239999684,-5.099788631830462,-4.734754845060504,-10.34247803699239,-0.2718717021076813,-0.07559744228246089,0.25286348735769626,-0.05473022221140092,7,22,16.022099447513813,39,10,51,16,22,7,12,4,BetaH,FT10,POW.FT10.BetaH
POW_Feature,181,0.0,1.0,0.0,1.0,0.0,1.0,Script18_Regionalised_L2_Native,Script18_Regionalised_L2_Native,True,False,-0.38166421855248606,-0.39443231899999986,-0.7013860520000001,-0.05178842599999989,-0.011351528346961194,0.0,-0.07902410120000003,0.07902410120000003,-5.099788631830462,-4.734754845060504,-10.34247803699239,-0.2718717021076813,-0.2503871976587499,0.12962008859601998,0.1370049014836296,4,17,11.602209944751381,47,12,43,21,17,4,8,1,BetaH,FT9,POW.FT9.BetaH
POW_Feature,181,0.0,1.0,0.0,1.0,0.0,1.0,Script18_Regionalised_L2_Native,Script18_Regionalised_L2_Native,True,False,-0.1738672792983424,-0.12883339500000046,-0.48033588199999677,0.17118884599998374,-0.011792293261325918,0.0,-0.07902410120000003,0.07902410120000003,-5.099788631830462,-4.734754845060504,-10.34247803699239,-0.2718717021076813,-0.24231381113257086,0.16560473123055075,0.08291545732268292,11,30,22.65193370165746,36,6,34,15,30,11,19,9,BetaH,Fp1,POW.Fp1.BetaH
POW_Feature,181,0.0,1.0,0.0,1.0,0.0,1.0,Script18_Regionalised_L2_Native,Script18_Regionalised_L2_Native,True,False,-0.06187492433149177,-0.03555739200000918,-0.34633024400000023,0.22698682699999972,-0.00960513937237572,0.0,-0.07902410120000003,0.07902410120000003,-5.099788631830462,-4.734754845060504,-10.34247803699239,-0.2718717021076813,-0.22389960150357602,0.10888665810376846,0.00796647201816503,8,37,24.861878453038674,34,8,33,10,37,8,19,12,BetaH,Fp2,POW.Fp2.BetaH
POW_Feature,181,0.0,1.0,0.0,1.0,0.0,1.0,Script18_Regionalised_L2_Native,Script18_Regionalised_L2_Native,True,False,-0.07876554548618796,-0.0418122249999997,-0.414515744,0.2525144130000001,0.010045904285082835,0.0,-0.07902410120000003,0.07902410120000003,-5.099788631830462,-4.734754845060504,-10.34247803699239,-0.2718717021076813,-0.16065508662509598,0.29729128902005064,0.10437160325276373,13,25,20.994475138121548,29,2,38,16,25,13,22,10,BetaH,Fz,POW.Fz.BetaH
POW_Feature,181,0.0,1.0,0.0,1.0,0.0,1.0,Script18_Regionalised_L2_Native,Script18_Regionalised_L2_Native,True,False,-0.31729900745248607,-0.2822779719999997,-0.6471690459999999,0.012940861000000137,-0.0021829862248619524,0.0,-0.07902410120000003,0.07902410120000003,-5.099788631830462,-4.734754845060504,-10.34247803699239,-0.2718717021076813,-0.2882032596574083,0.5132040025971599,0.04069362511972141,14,17,17.12707182320442,47,4,48,16,17,14,4,5,BetaH,O1,POW.O1.BetaH
POW_Feature,181,0.0,1.0,0.0,1.0,0.0,1.0,Script18_Regionalised_L2_Native,Script18_Regionalised_L2_Native,True,False,-0.20525570111602226,-0.19221459800000007,-0.49544339999999965,0.1574104300000001,0.006544790992817721,0.0,-0.07902410120000003,0.07902410120000075,-5.099788631830462,-4.734754845060504,-10.34247803699239,-0.2718717021076813,-0.16927220301307008,0.4917267773321796,0.01634653277520924,13,15,15.469613259668508,39,3,47,7,15,13,11,13,BetaH,O2,POW.O2.BetaH
POW_Feature,181,0.0,1.0,0.0,1.0,0.0,1.0,Script18_Regionalised_L2_Native,Script18_Regionalised_L2_Native,True,False,-0.2115314580331492,-0.17560252899999984,-0.5113212419999997,0.1729036740000005,-0.008748615560221048,0.0,-0.07902410120000003,0.07902410120000003,-5.099788631830462,-4.734754845060504,-10.34247803699239,-0.2718717021076813,-0.19307580580427972,0.47790248179221895,0.05423805217514722,16,18,18.784530386740332,37,3,42,12,18,16,15,7,BetaH,Oz,POW.Oz.BetaH
POW_Feature,181,0.0,1.0,0.0,1.0,0.0,1.0,Script18_Regionalised_L2_Native,Script18_Regionalised_L2_Native,True,False,-0.5859039866408841,-0.6057706179999998,-0.912923282,-0.2126754390000034,-0.022707224369060745,-0.07902410110000002,-0.15804820239999995,0.07902410120000003,-5.099788631830462,-4.734754845060504,-10.34247803699239,-0.2718717021076813,-0.08948385659298098,0.3841049534108241,0.060193701639685786,7,10,9.392265193370166,61,17,46,13,10,7,5,5,BetaH,P3,POW.P3.BetaH
POW_Feature,181,0.0,1.0,0.0,1.0,0.0,1.0,Script18_Regionalised_L2_Native,Script18_Regionalised_L2_Native,True,False,-0.11747272545303904,-0.12241492400000009,-0.43503862400000015,0.18720220399999965,0.0043576371016574725,0.0,-0.07902410120000003,0.07902410120000003,-5.099788631830462,-4.734754845060504,-10.34247803699239,-0.2718717021076813,-0.09118586846180082,0.45044257011306843,0.021019864054656594,15,23,20.994475138121548,30,5,43,6,23,15,18,8,BetaH,P4,POW.P4.BetaH
POW_Feature,181,0.0,1.0,0.0,1.0,0.0,1.0,Script18_Regionalised_L2_Native,Script18_Regionalised_L2_Native,True,False,-1.010353920347514,-0.9289078516999999,-1.4927733949999997,-0.5893102800000003,-0.006998058912707201,0.0,-0.07902410120000158,0.07902410120000003,-5.099788631830462,-4.734754845060504,-10.34247803699239,-0.2718717021076813,-0.19067691806364626,0.16769646358198712,-0.02877366895157092,2,3,2.7624309392265194,63,20,53,15,3,2,0,1,BetaH,P7,POW.P7.BetaH
POW_Feature,181,0.0,1.0,0.0,1.0,0.0,1.0,Script18_Regionalised_L2_Native,Script18_Regionalised_L2_Native,True,False,-0.6782407003370167,-0.6467648539999997,-0.952644533,-0.41320076399999994,0.02620416998895028,1.5543122344752192e-15,-0.07902410120000003,0.15804820239999995,-5.099788631830462,-4.734754845060504,-10.34247803699239,-0.2718717021076813,-0.1776122022018725,0.35858013566561764,0.05052355940154733,4,2,3.314917127071823,42,13,69,17,2,4,3,5,BetaH,P8,POW.P8.BetaH
POW_Feature,181,0.0,1.0,0.0,1.0,0.0,1.0,Script18_Regionalised_L2_Native,Script18_Regionalised_L2_Native,True,False,-0.6395324827790057,-0.638381203999999,-0.8445440350000002,-0.38163362100000064,0.014386870712707053,0.0,-0.07902410120000003,0.15804820229999994,-5.099788631830462,-4.734754845060504,-10.34247803699239,-0.2718717021076813,-0.07063220215093306,0.30830522289312906,0.0762293114509315,2,2,2.2099447513812156,50,17,56,17,2,2,3,4,BetaH,PO10,POW.PO10.BetaH
POW_Feature,181,0.0,1.0,0.0,1.0,0.0,1.0,Script18_Regionalised_L2_Native,Script18_Regionalised_L2_Native,True,False,-0.6548207350220994,-0.6426238689999932,-0.9626930169999999,-0.34570597700000283,-0.00349694561988955,0.0,-0.07902410120000003,0.07902410120000003,-5.099788631830462,-4.734754845060504,-10.34247803699239,-0.2718717021076813,-0.1154476891158441,0.21613680663728346,0.06129926672811325,3,4,3.867403314917127,60,15,53,19,4,3,2,2,BetaH,PO9,POW.PO9.BetaH
POW_Feature,181,0.0,1.0,0.0,1.0,0.0,1.0,Script18_Regionalised_L2_Native,Script18_Regionalised_L2_Native,True,False,-0.39578927990055296,-0.37934724400000075,-0.7095657699999998,-0.07617265699999987,-0.010050071955248652,0.0,-0.07902410120000009,0.07902410120000003,-5.099788631830462,-4.734754845060504,-10.34247803699239,-0.2718717021076813,-0.1545525272047593,0.40633209523832553,0.07773897914286361,11,14,13.812154696132596,55,7,47,13,14,11,6,8,BetaH,Pz,POW.Pz.BetaH
POW_Feature,181,0.0,1.0,0.0,1.0,0.0,1.0,Script18_Regionalised_L2_Native,Script18_Regionalised_L2_Native,True,False,-1.2670606114585639,-1.2838253229999999,-1.55709081,-0.9385813589999996,0.023118815595580093,1.5543122344752192e-15,-0.07902410120000003,0.15804820239999695,-5.099788631830462,-4.734754845060504,-10.34247803699239,-0.2718717021076813,-0.2156210351690107,0.050308345301647746,0.07292483381001054,0,0,0.0,46,15,67,25,0,0,0,0,BetaH,T7,POW.T7.BetaH
POW_Feature,181,0.0,1.0,0.0,1.0,0.0,1.0,Script18_Regionalised_L2_Native,Script18_Regionalised_L2_Native,True,False,-0.45822420287292853,-0.4519029250000042,-0.6983017679999999,-0.1625792390000007,0.005688267181215524,0.0,-0.07902410119999997,0.07902410120000003,-5.099788631830462,-4.734754845060504,-10.34247803699239,-0.2718717021076813,-0.19419750605719335,0.3574998314922525,-0.04822214655066517,5,8,7.18232044198895,44,12,52,17,8,5,5,0,BetaH,T8,POW.T8.BetaH
POW_Feature,181,0.0,1.0,0.0,1.0,0.0,1.0,Script18_Regionalised_L2_Native,Script18_Regionalised_L2_Native,True,False,-0.6930201250254142,-0.7000308170000005,-1.0990873949999749,-0.29926667400000007,0.005667428837016702,0.0,-0.07902410120000003,0.07902410120000003,-5.099788631830462,-4.734754845060504,-10.34247803699239,-0.2718717021076813,-0.11360743570443528,0.08284281175487168,0.09396147778142414,4,9,7.18232044198895,46,16,58,18,9,4,3,2,BetaL,C3,POW.C3.BetaL
POW_Feature,181,0.0,1.0,0.0,1.0,0.0,1.0,Script18_Regionalised_L2_Native,Script18_Regionalised_L2_Native,True,False,-0.10724989448342574,-0.11091294200000013,-0.43380754700000024,0.23263442800000034,0.010474166190607896,0.0,-0.07902410120000003,0.07902410120000003,-5.099788631830462,-4.734754845060504,-10.34247803699239,-0.2718717021076813,-0.0973453782738551,0.2599887929936362,0.15805341391198854,6,23,16.022099447513813,33,7,41,8,23,6,14,19,BetaL,C4,POW.C4.BetaL
POW_Feature,181,0.0,1.0,0.0,1.0,0.0,1.0,Script18_Regionalised_L2_Native,Script18_Regionalised_L2_Native,True,False,-0.6587972503071826,-0.6444361220000068,-1.0905851629999996,-0.2084565300000003,0.016578192271823167,0.0,-0.07902410120000003,0.15804820229999997,-5.099788631830462,-4.734754845060504,-10.34247803699239,-0.2718717021076813,0.00920693387262698,0.2185378435236246,0.13616955768402103,3,6,4.972375690607735,54,9,54,18,6,3,5,6,BetaL,CP1,POW.CP1.BetaL
POW_Feature,181,0.0,1.0,0.0,1.0,0.0,1.0,Script18_Regionalised_L2_Native,Script18_Regionalised_L2_Native,True,False,-0.14425132652486236,-0.14651762300000382,-0.46652641200000033,0.23780679699998908,0.017447219089502784,0.0,-0.07902410120000003,0.15804820229999997,-5.099788631830462,-4.734754845060504,-10.34247803699239,-0.2718717021076813,-0.07904305183200347,0.2880133454725202,0.12733639043464667,7,19,14.3646408839779,34,5,40,13,19,7,20,10,BetaL,CP2,POW.CP2.BetaL
POW_Feature,181,0.0,1.0,0.0,1.0,0.0,1.0,Script18_Regionalised_L2_Native,Script18_Regionalised_L2_Native,True,False,-0.9836861918397783,-0.9677333680000002,-1.3569304969999996,-0.628815286,0.011347360681768103,0.0,-0.07902410120000003,0.07902410120000003,-5.099788631830462,-4.734754845060504,-10.34247803699239,-0.2718717021076813,-0.07369664299579445,0.14627799110825987,0.04805678152674043,2,2,2.2099447513812156,51,13,59,19,2,2,2,2,BetaL,CP5,POW.CP5.BetaL
POW_Feature,181,0.0,1.0,0.0,1.0,0.0,1.0,Script18_Regionalised_L2_Native,Script18_Regionalised_L2_Native,True,False,-0.37664286203425457,-0.369813508,-0.721409666,-0.027333055999988254,0.006973052899447516,0.0,-0.07902410120000003,0.15804820239999995,-5.099788631830462,-4.734754845060504,-10.34247803699239,-0.2718717021076813,-0.11435992747895736,0.3149752183394691,0.07323694836077081,6,16,12.154696132596685,50,10,52,16,16,6,8,6,BetaL,CP6,POW.CP6.BetaL
POW_Feature,181,0.0,1.0,0.0,1.0,0.0,1.0,Script18_Regionalised_L2_Native,Script18_Regionalised_L2_Native,True,False,-0.588439759414365,-0.5994959460000002,-0.9066144989999998,-0.2221354550000001,0.023131318603314962,0.0,-0.07902410120000003,0.07902410120000314,-5.099788631830462,-4.734754845060504,-10.34247803699239,-0.2718717021076813,-0.16011440751031494,0.2913050890892046,0.13890539520873965,3,7,5.524861878453039,48,7,54,19,7,3,3,5,BetaL,Cz,POW.Cz.BetaL
POW_Feature,181,0.0,1.0,0.0,1.0,0.0,1.0,Script18_Regionalised_L2_Native,Script18_Regionalised_L2_Native,True,False,-0.6454879497292818,-0.6331534760000004,-0.9946578149999996,-0.332627644,0.007409650144198997,4.440892098500626e-16,-0.07902410120000003,0.15804820239999207,-5.099788631830462,-4.734754845060504,-10.34247803699239,-0.2718717021076813,-0.13492327173006688,0.20604303835639184,-0.05509350272638539,2,3,2.7624309392265194,45,18,68,15,3,2,4,5,BetaL,F3,POW.F3.BetaL
POW_Feature,181,0.0,1.0,0.0,1.0,0.0,1.0,Script18_Regionalised_L2_Native,Script18_Regionalised_L2_Native,True,False,-0.2763856037513813,-0.2581512149999998,-0.6464894989999999,0.09239769700000311,0.023567915853038815,0.0,-0.07902410120000003,0.15804820239999995,-5.099788631830462,-4.734754845060504,-10.34247803699239,-0.2718717021076813,-0.28730806691850286,0.17297782205304776,0.020110439357222495,7,18,13.812154696132596,35,7,49,15,18,7,11,10,BetaL,F4,POW.F4.BetaL
POW_Feature,181,0.0,1.0,0.0,1.0,0.0,1.0,Script18_Regionalised_L2_Native,Script18_Regionalised_L2_Native,True,False,-0.6468371755950273,-0.6561881710000015,-0.9844939260000003,-0.26992261200000023,0.015700830116022083,0.0,-0.07902410120000003,0.07902410120000003,-5.099788631830462,-4.734754845060504,-10.34247803699239,-0.2718717021076813,-0.10463762869790715,0.1707152841609572,-0.08831381243802813,3,6,4.972375690607735,41,16,59,15,6,3,3,3,BetaL,F7,POW.F7.BetaL
POW_Feature,181,0.0,1.0,0.0,1.0,0.0,1.0,Script18_Regionalised_L2_Native,Script18_Regionalised_L2_Native,True,False,-0.47647556040884,-0.5130843270000001,-0.8528373080000002,-0.13154724400000006,0.007392979465745861,0.0,-0.07902410120000003,0.07902410120000003,-5.099788631830462,-4.734754845060504,-10.34247803699239,-0.2718717021076813,-0.1220170598550213,0.10325609562202885,-0.04986389087849791,6,12,9.94475138121547,40,17,57,15,12,6,10,3,BetaL,F8,POW.F8.BetaL
POW_Feature,181,0.0,1.0,0.0,1.0,0.0,1.0,Script18_Regionalised_L2_Native,Script18_Regionalised_L2_Native,True,False,-0.31983264975690606,-0.328450605,-0.65432428,0.022128391999989283,0.023563748179558093,0.0,-0.07902410120000003,0.15804820229999994,-5.099788631830462,-4.734754845060504,-10.34247803699239,-0.2718717021076813,-0.03729013487602877,0.09344061535328824,0.12257655696040137,5,12,9.392265193370166,33,9,50,15,12,5,15,10,BetaL,FC1,POW.FC1.BetaL
POW_Feature,181,0.0,1.0,0.0,1.0,0.0,1.0,Script18_Regionalised_L2_Native,Script18_Regionalised_L2_Native,True,False,0.18126916692817643,0.16971513699999985,-0.18230753200000027,0.5782198420000015,0.01745555443093928,0.0,-0.07902410120000003,0.1580482024,-5.099788631830462,-4.734754845060504,-10.34247803699239,-0.2718717021076813,-0.22140000352382616,0.17612094636931233,0.1907942764174033,12,40,28.7292817679558,21,0,30,6,40,12,29,18,BetaL,FC2,POW.FC2.BetaL
POW_Feature,181,0.0,1.0,0.0,1.0,0.0,1.0,Script18_Regionalised_L2_Native,Script18_Regionalised_L2_Native,True,False,-0.8899927823038672,-0.8315583389999999,-1.2247263259999999,-0.564194912,0.025750902070165973,0.0,-0.07902410120000003,0.15804820239999684,-5.099788631830462,-4.734754845060504,-10.34247803699239,-0.2718717021076813,0.043897274655750454,0.15685796725372553,-0.042614189287198984,1,1,1.1049723756906078,48,16,63,19,1,1,1,3,BetaL,FC5,POW.FC5.BetaL
POW_Feature,181,0.0,1.0,0.0,1.0,0.0,1.0,Script18_Regionalised_L2_Native,Script18_Regionalised_L2_Native,True,False,-0.4313952505745859,-0.44056538199999995,-0.8129788299999965,-0.04978454100000018,0.010033401278453253,0.0,-0.07902410120000003,0.07902410120000003,-5.099788631830462,-4.734754845060504,-10.34247803699239,-0.2718717021076813,-0.12696212892731376,0.12521356175546944,0.04241084222429132,5,11,8.839779005524862,42,11,55,13,11,5,8,9,BetaL,FC6,POW.FC6.BetaL
POW_Feature,181,0.0,1.0,0.0,1.0,0.0,1.0,Script18_Regionalised_L2_Native,Script18_Regionalised_L2_Native,True,False,-0.33741196449171307,-0.3705487719999967,-0.7349614050000004,0.03130036699999739,-0.008307850645303734,0.0,-0.07902410120000003,0.07902410120000003,-5.099788631830462,-4.734754845060504,-10.34247803699239,-0.2718717021076813,-0.1241322498676829,0.08501220228579698,0.07234671363570998,7,16,12.707182320441989,45,11,44,18,16,7,12,5,BetaL,FT10,POW.FT10.BetaL
POW_Feature,181,0.0,1.0,0.0,1.0,0.0,1.0,Script18_Regionalised_L2_Native,Script18_Regionalised_L2_Native,True,False,-0.4290486014640887,-0.38575778900000657,-0.879033550000007,-0.016086956000000097,0.006099858410497306,0.0,-0.07902410120000003,0.07902410120000003,-5.099788631830462,-4.734754845060504,-10.34247803699239,-0.2718717021076813,-0.010056837030345708,0.07854712417037517,0.02602222748044872,6,15,11.602209944751381,41,10,47,17,15,6,9,6,BetaL,FT9,POW.FT9.BetaL
POW_Feature,181,0.0,1.0,0.0,1.0,0.0,1.0,Script18_Regionalised_L2_Native,Script18_Regionalised_L2_Native,True,False,-0.3735654797348066,-0.3380493090000001,-0.7328135229999999,0.003867693999999755,-0.002632086471270735,0.0,-0.07902410120000003,0.07902410120000003,-5.099788631830462,-4.734754845060504,-10.34247803699239,-0.2718717021076813,-0.09019496705457669,0.24621165409911347,0.06277048916425136,5,17,12.154696132596685,38,12,45,14,17,5,11,8,BetaL,Fp1,POW.Fp1.BetaL
POW_Feature,181,0.0,1.0,0.0,1.0,0.0,1.0,Script18_Regionalised_L2_Native,Script18_Regionalised_L2_Native,True,False,-0.2572816127348065,-0.25285455000000034,-0.6445974559999996,0.17301749800000454,0.018769513833149107,0.0,-0.07902410119999997,0.1580482023999984,-5.099788631830462,-4.734754845060504,-10.34247803699239,-0.2718717021076813,-0.12068776728580272,0.1782113597109843,0.08337792161996298,7,16,12.707182320441989,34,7,46,13,16,7,16,10,BetaL,Fp2,POW.Fp2.BetaL
POW_Feature,181,0.0,1.0,0.0,1.0,0.0,1.0,Script18_Regionalised_L2_Native,Script18_Regionalised_L2_Native,True,False,-0.18436940155248624,-0.17371531799999973,-0.5570750150000041,0.13020620699999963,0.026624096558563678,4.440892098500626e-16,-0.07902410120000003,0.15804820239999995,-5.099788631830462,-4.734754845060504,-10.34247803699239,-0.2718717021076813,-0.13745127831512896,0.18505381190658965,0.051560060546139,8,18,14.3646408839779,29,8,46,16,18,8,18,11,BetaL,Fz,POW.Fz.BetaL
POW_Feature,181,0.0,1.0,0.0,1.0,0.0,1.0,Script18_Regionalised_L2_Native,Script18_Regionalised_L2_Native,True,False,-0.3748203197375696,-0.38679021,-0.7754496040000003,0.051051348999999746,0.027921385282320303,0.0,-0.07902410120000003,0.15804820239999917,-5.099788631830462,-4.734754845060504,-10.34247803699239,-0.2718717021076813,-0.15551908864470182,0.4014592269505653,0.10380965814309549,12,11,12.707182320441989,34,5,55,14,11,12,9,10,BetaL,O1,POW.O1.BetaL
POW_Feature,181,0.0,1.0,0.0,1.0,0.0,1.0,Script18_Regionalised_L2_Native,Script18_Regionalised_L2_Native,True,False,-0.293480023977901,-0.3478866159999998,-0.6251524420000001,0.04683151600000057,0.01353034689944734,0.0,-0.07902410120000003,0.1565395062,-5.099788631830462,-4.734754845060504,-10.34247803699239,-0.2718717021076813,-0.11834417247316788,0.47995707448996683,0.09372084374290961,10,18,15.469613259668508,39,6,49,12,18,10,8,12,BetaL,O2,POW.O2.BetaL
POW_Feature,181,0.0,1.0,0.0,1.0,0.0,1.0,Script18_Regionalised_L2_Native,Script18_Regionalised_L2_Native,True,False,-0.30678439423204446,-0.2979622780000035,-0.7076557660000002,0.09152434900000017,0.030977565990607695,1.6653345369377348e-15,-0.07902410120000003,0.15804820230000005,-5.099788631830462,-4.734754845060504,-10.34247803699239,-0.2718717021076813,-0.06629808842007026,0.432755275223313,0.10879862699988957,9,15,13.259668508287293,35,7,60,8,15,9,8,16,BetaL,Oz,POW.Oz.BetaL
POW_Feature,181,0.0,1.0,0.0,1.0,0.0,1.0,Script18_Regionalised_L2_Native,Script18_Regionalised_L2_Native,True,False,-0.5657085717790056,-0.6341863350000061,-0.909397850999988,-0.20351188399999565,0.020490896794475116,0.0,-0.07902410120000003,0.15804820239999884,-5.099788631830462,-4.734754845060504,-10.34247803699239,-0.2718717021076813,0.008472321945008207,0.33888405045586745,0.17795649931197813,5,9,7.734806629834254,49,9,53,16,9,5,5,10,BetaL,P3,POW.P3.BetaL
POW_Feature,181,0.0,1.0,0.0,1.0,0.0,1.0,Script18_Regionalised_L2_Native,Script18_Regionalised_L2_Native,True,False,-0.06878263227071846,-0.10238285700000027,-0.3875897810000022,0.28524980199998806,0.02313131860110486,0.0,-0.07902410120000003,0.1580482023999985,-5.099788631830462,-4.734754845060504,-10.34247803699239,-0.2718717021076813,-0.054997886676078134,0.34859016902243056,0.26048280545451324,8,27,19.337016574585636,31,4,41,11,27,8,15,13,BetaL,P4,POW.P4.BetaL
POW_Feature,181,0.0,1.0,0.0,1.0,0.0,1.0,Script18_Regionalised_L2_Native,Script18_Regionalised_L2_Native,True,False,-1.071670713970166,-1.145437711,-1.5285754770000002,-0.5484786020000003,0.024865204571823122,0.0,-0.07902410120000003,0.15804820239999995,-5.099788631830462,-4.734754845060504,-10.34247803699239,-0.2718717021076813,-0.04380820594520788,0.25000946070732966,0.033925061913079514,2,3,2.7624309392265194,50,9,61,20,3,2,0,5,BetaL,P7,POW.P7.BetaL
POW_Feature,181,0.0,1.0,0.0,1.0,0.0,1.0,Script18_Regionalised_L2_Native,Script18_Regionalised_L2_Native,True,False,-0.5885884806243102,-0.6148128770000003,-0.9242940499999999,-0.2784570790000003,0.0043659724419890696,0.0,-0.15125906979999226,0.07902410120000469,-5.099788631830462,-4.734754845060504,-10.34247803699239,-0.2718717021076813,-0.17711960117668601,0.43864402869956576,0.03799595713413015,8,8,8.839779005524862,47,9,55,17,8,8,3,5,BetaL,P8,POW.P8.BetaL
POW_Feature,181,0.0,1.0,0.0,1.0,0.0,1.0,Script18_Regionalised_L2_Native,Script18_Regionalised_L2_Native,True,False,-0.5488582928121553,-0.5549658700000002,-0.8538715120000009,-0.25560476199999993,-0.002207992237016561,0.0,-0.07902410120000003,0.07902410120000003,-5.099788631830462,-4.734754845060504,-10.34247803699239,-0.2718717021076813,0.08932384095392121,0.3900687743235463,0.08329966327380159,8,5,7.18232044198895,51,14,53,14,5,8,2,6,BetaL,PO10,POW.PO10.BetaL
POW_Feature,181,0.0,1.0,0.0,1.0,0.0,1.0,Script18_Regionalised_L2_Native,Script18_Regionalised_L2_Native,True,False,-0.6073481816574591,-0.6122774029999998,-0.938217821999999,-0.2694122950000071,0.00871110654143636,0.0,-0.07902410120000003,0.07902410120000003,-5.099788631830462,-4.734754845060504,-10.34247803699239,-0.2718717021076813,-0.033021065749166065,0.19321241078163845,0.06661980067453734,2,7,4.972375690607735,50,16,52,21,7,2,4,2,BetaL,PO9,POW.PO9.BetaL
POW_Feature,181,0.0,1.0,0.0,1.0,0.0,1.0,Script18_Regionalised_L2_Native,Script18_Regionalised_L2_Native,True,False,-0.40618046776243133,-0.4135560199999997,-0.7622187990000038,-0.05677741899999589,0.007401314807182237,0.0,-0.07902410120000003,0.07902410120000003,-5.099788631830462,-4.734754845060504,-10.34247803699239,-0.2718717021076813,-0.04638786893500272,0.31559735096539837,0.1377575474308186,5,8,7.18232044198895,54,6,45,15,8,5,9,9,BetaL,Pz,POW.Pz.BetaL
POW_Feature,181,0.0,1.0,0.0,1.0,0.0,1.0,Script18_Regionalised_L2_Native,Script18_Regionalised_L2_Native,True,False,-1.3760983385690608,-1.3806026989999998,-1.6893761439999997,-0.9944228210000001,0.02356791584751395,0.0,-0.07902410120000003,0.15804820239999884,-5.099788631830462,-4.734754845060504,-10.34247803699239,-0.2718717021076813,0.01226682829470355,0.07074411308556725,-0.014343847080977357,0,1,0.5524861878453039,49,18,56,21,1,0,0,1,BetaL,T7,POW.T7.BetaL
POW_Feature,181,0.0,1.0,0.0,1.0,0.0,1.0,Script18_Regionalised_L2_Native,Script18_Regionalised_L2_Native,True,False,-0.5530072868453041,-0.5517372519999997,-0.8592219029999999,-0.23529291899999993,0.003052013040331592,0.0,-0.07902410120000003,0.07902410120000003,-5.099788631830462,-4.734754845060504,-10.34247803699239,-0.2718717021076813,-0.02048343293627025,0.0965647307373433,0.013145565564868832,4,9,7.18232044198895,45,13,51,17,9,4,4,4,BetaL,T8,POW.T8.BetaL
POW_Feature,181,0.0,1.0,0.0,1.0,0.0,1.0,Script18_Regionalised_L2_Native,Script18_Regionalised_L2_Native,True,False,-0.531695216838121,-0.5312091160000001,-0.877857815,-0.16151311499999998,-0.00526000527292819,0.0,-0.07902410120000003,0.07902410120000003,-5.099788631830462,-4.734754845060504,-10.34247803699239,-0.2718717021076813,-0.28484994199136754,-0.055802701295085556,0.014566203639913889,8,14,12.154696132596685,44,13,55,17,14,8,0,1,Gamma,C3,POW.C3.Gamma
POW_Feature,181,0.0,1.0,0.0,1.0,0.0,1.0,Script18_Regionalised_L2_Native,Script18_Regionalised_L2_Native,True,False,-0.3318805866552484,-0.31949134199999896,-0.5484248210000002,-0.023316950000000114,-0.0017422213071823464,0.0,-0.07902410120000003,0.07902410120000003,-5.099788631830462,-4.734754845060504,-10.34247803699239,-0.2718717021076813,-0.3248490936639959,0.11124022303055103,0.0612469560056203,6,17,12.707182320441989,43,15,52,12,17,6,6,6,Gamma,C4,POW.C4.Gamma
POW_Feature,181,0.0,1.0,0.0,1.0,0.0,1.0,Script18_Regionalised_L2_Native,Script18_Regionalised_L2_Native,True,False,-0.583595403331492,-0.5960200500000001,-0.87675459,-0.2396564269999999,-0.004361804774033196,0.0,-0.07902410120000303,0.07902410120000003,-5.099788631830462,-4.734754845060504,-10.34247803699239,-0.2718717021076813,-0.14955072396225688,0.05959581557768653,0.016818260652918887,3,10,7.18232044198895,51,18,52,17,10,3,2,3,Gamma,CP1,POW.CP1.Gamma
POW_Feature,181,0.0,1.0,0.0,1.0,0.0,1.0,Script18_Regionalised_L2_Native,Script18_Regionalised_L2_Native,True,False,-0.27810785691160234,-0.20339672099999984,-0.6222337639999997,0.010303096999999983,-0.0008606914834254687,0.0,-0.07902410120000003,0.07902410120000003,-5.099788631830462,-4.734754845060504,-10.34247803699239,-0.2718717021076813,-0.21179764982265417,0.15403158642434614,0.06881814570085769,7,18,13.812154696132596,43,7,44,18,18,7,10,8,Gamma,CP2,POW.CP2.Gamma
POW_Feature,181,0.0,1.0,0.0,1.0,0.0,1.0,Script18_Regionalised_L2_Native,Script18_Regionalised_L2_Native,True,False,-0.7128160765082869,-0.7619840879999997,-1.0785105000000001,-0.33568215199999996,-0.0030603483745856135,0.0,-0.07902410120000003,0.07902410120000003,-5.099788631830462,-4.734754845060504,-10.34247803699239,-0.2718717021076813,-0.334458379200936,-0.062485613342831675,-0.06392388916622728,2,9,6.077348066298343,48,16,51,19,9,2,2,0,Gamma,CP5,POW.CP5.Gamma
POW_Feature,181,0.0,1.0,0.0,1.0,0.0,1.0,Script18_Regionalised_L2_Native,Script18_Regionalised_L2_Native,True,False,-0.5193714067348069,-0.4934756940000007,-0.855712917,-0.2101784200000001,0.006557294003314779,0.0,-0.07902410120000003,0.07902410120000003,-5.099788631830462,-4.734754845060504,-10.34247803699239,-0.2718717021076813,-0.18344639590287973,0.1831227308931347,0.03441117192967826,4,7,6.077348066298343,50,9,54,23,7,4,4,4,Gamma,CP6,POW.CP6.Gamma
POW_Feature,181,0.0,1.0,0.0,1.0,0.0,1.0,Script18_Regionalised_L2_Native,Script18_Regionalised_L2_Native,True,False,-0.8911922517016574,-0.8639556550000003,-1.2038160270000051,-0.5465817569999998,0.002187153890607668,0.0,-0.07902410120000003,0.07902410120000003,-5.099788631830462,-4.734754845060504,-10.34247803699239,-0.2718717021076813,-0.1713527172224335,0.04695769560529882,0.0661191438387752,0,0,0.0,54,18,58,21,0,0,1,0,Gamma,Cz,POW.Cz.Gamma
POW_Feature,181,0.0,1.0,0.0,1.0,0.0,1.0,Script18_Regionalised_L2_Native,Script18_Regionalised_L2_Native,True,False,-0.7314743228121549,-0.746606061,-1.1414900490000002,-0.41500655700000033,-0.004790066680662856,0.0,-0.07902410120000003,0.07902410120000003,-5.099788631830462,-4.734754845060504,-10.34247803699239,-0.2718717021076813,-0.10189737859784627,-0.0654779267562411,0.0792408271302387,2,5,3.867403314917127,50,15,50,15,5,2,5,3,Gamma,F3,POW.F3.Gamma
POW_Feature,181,0.0,1.0,0.0,1.0,0.0,1.0,Script18_Regionalised_L2_Native,Script18_Regionalised_L2_Native,True,False,-0.13030460404254135,-0.13330165900000002,-0.5671782661000001,0.1875541630000006,-4.167665745921538e-06,0.0,-0.07902410120000147,0.15804820239999529,-5.099788631830462,-4.734754845060504,-10.34247803699239,-0.2718717021076813,-0.2260572319059069,0.03849061642954184,0.17178363531330051,8,30,20.994475138121548,28,8,41,13,30,8,19,6,Gamma,F4,POW.F4.Gamma
POW_Feature,181,0.0,1.0,0.0,1.0,0.0,1.0,Script18_Regionalised_L2_Native,Script18_Regionalised_L2_Native,True,False,-0.42980859374033153,-0.4682263980000001,-0.8781121650000001,-0.007221452000000017,0.0017505566436464112,0.0,-0.07902410120000003,0.07902410120000003,-5.099788631830462,-4.734754845060504,-10.34247803699239,-0.2718717021076813,-0.15285495785378705,0.014393494654927423,0.05461274639670123,3,18,11.602209944751381,40,13,48,17,18,3,7,7,Gamma,F7,POW.F7.Gamma
POW_Feature,181,0.0,1.0,0.0,1.0,0.0,1.0,Script18_Regionalised_L2_Native,Script18_Regionalised_L2_Native,True,False,-0.5145054429060774,-0.49475469200000033,-0.8601987230000003,-0.15068870800000012,-0.001746388975138166,0.0,-0.15804820239999373,0.07902410120000003,-5.099788631830462,-4.734754845060504,-10.34247803699239,-0.2718717021076813,-0.21482926676266864,-0.05903278279582976,0.055596259539089685,5,9,7.734806629834254,44,15,54,17,9,5,7,4,Gamma,F8,POW.F8.Gamma
POW_Feature,181,0.0,1.0,0.0,1.0,0.0,1.0,Script18_Regionalised_L2_Native,Script18_Regionalised_L2_Native,True,False,-0.24843481481767926,-0.214388005,-0.5306758349999998,0.09181222399999989,0.007871253402209871,0.0,-0.07902410120000003,0.07902410120000003,-5.099788631830462,-4.734754845060504,-10.34247803699239,-0.2718717021076813,-0.17648902330602523,0.041136838248259186,-0.12248396544188711,8,18,14.3646408839779,36,14,51,9,18,8,14,5,Gamma,FC1,POW.FC1.Gamma
POW_Feature,181,0.0,1.0,0.0,1.0,0.0,1.0,Script18_Regionalised_L2_Native,Script18_Regionalised_L2_Native,True,False,0.1395365807845305,0.10623524800001816,-0.11545394500000006,0.42067785500000054,-0.011355696017127017,0.0,-0.0790241012000002,0.07902410120000003,-5.099788631830462,-4.734754845060504,-10.34247803699239,-0.2718717021076813,-0.17441066222493581,0.07222153604499117,-0.1012063303175117,14,35,27.07182320441989,28,10,27,7,35,14,29,8,Gamma,FC2,POW.FC2.Gamma
POW_Feature,181,0.0,1.0,0.0,1.0,0.0,1.0,Script18_Regionalised_L2_Native,Script18_Regionalised_L2_Native,True,False,-0.611314629042541,-0.599513511,-0.9763990500000004,-0.2670241630000061,-0.017896319341988907,0.0,-0.15804820239999684,0.07902410120000003,-5.099788631830462,-4.734754845060504,-10.34247803699239,-0.2718717021076813,-0.1768072524530736,-0.02753482808399759,0.0875350407216504,3,9,6.629834254143646,55,13,45,20,9,3,4,1,Gamma,FC5,POW.FC5.Gamma
POW_Feature,181,0.0,1.0,0.0,1.0,0.0,1.0,Script18_Regionalised_L2_Native,Script18_Regionalised_L2_Native,True,False,-0.4677708020441992,-0.477208042,-0.7605616730000007,-0.1614439810000019,-0.006116529087845463,0.0,-0.07902410120000003,0.07902410120000003,-5.099788631830462,-4.734754845060504,-10.34247803699239,-0.2718717021076813,-0.11548978858759039,0.036959070155486454,0.06970720158728452,5,7,6.629834254143646,50,12,39,20,7,5,7,2,Gamma,FC6,POW.FC6.Gamma
POW_Feature,181,0.0,1.0,0.0,1.0,0.0,1.0,Script18_Regionalised_L2_Native,Script18_Regionalised_L2_Native,True,False,-0.28751265090607797,-0.26840793900000026,-0.5740492779999999,-0.06205340599999998,-0.002619583465745694,0.0,-0.15804820229999997,0.07902410120000003,-5.099788631830462,-4.734754845060504,-10.34247803699239,-0.2718717021076813,-0.2730851995598607,-0.10277803695819408,-0.018463291094103603,4,16,11.049723756906078,38,15,46,19,16,4,10,6,Gamma,FT10,POW.FT10.Gamma
POW_Feature,181,0.0,1.0,0.0,1.0,0.0,1.0,Script18_Regionalised_L2_Native,Script18_Regionalised_L2_Native,True,False,-0.3748239264585631,-0.3717087760000002,-0.6606330540000003,-0.03922576499999986,-0.0008731944867403452,0.0,-0.07902410120000003,0.07902410120000003,-5.099788631830462,-4.734754845060504,-10.34247803699239,-0.2718717021076813,-0.20345886094933138,-0.015233639518612067,0.16703286265948408,2,15,9.392265193370166,41,14,51,16,15,2,12,5,Gamma,FT9,POW.FT9.Gamma
POW_Feature,181,0.0,1.0,0.0,1.0,0.0,1.0,Script18_Regionalised_L2_Native,Script18_Regionalised_L2_Native,True,False,-0.13748192457458594,-0.19521568499999997,-0.6144854840000002,0.24631855300000005,-0.01569249477569051,0.0,-0.07902410120000158,0.07902410120000003,-5.099788631830462,-4.734754845060504,-10.34247803699239,-0.2718717021076813,-0.2682088890256266,-0.011581489187890126,-0.008920498523373255,12,29,22.65193370165746,31,13,37,13,29,12,14,2,Gamma,Fp1,POW.Fp1.Gamma
POW_Feature,181,0.0,1.0,0.0,1.0,0.0,1.0,Script18_Regionalised_L2_Native,Script18_Regionalised_L2_Native,True,False,-0.06106871329834272,-0.10062224400000286,-0.540423236000013,0.3593300749999999,-0.0034802749425415476,0.0,-0.07902410120000158,0.07902410120000003,-5.099788631830462,-4.734754845060504,-10.34247803699239,-0.2718717021076813,-0.19325930682397868,-0.09355503561767693,0.05341140504404609,9,29,20.994475138121548,32,12,32,13,29,9,23,6,Gamma,Fp2,POW.Fp2.Gamma
POW_Feature,181,0.0,1.0,0.0,1.0,0.0,1.0,Script18_Regionalised_L2_Native,Script18_Regionalised_L2_Native,True,False,-0.20710578841988936,-0.22334313000000172,-0.48064287999998,0.0945179770000002,-0.013522011560773428,0.0,-0.07902410120000042,0.07902410120000003,-5.099788631830462,-4.734754845060504,-10.34247803699239,-0.2718717021076813,0.009386866341396526,-0.004032215532404443,0.01063397012347225,10,18,15.469613259668508,42,17,41,9,18,10,14,7,Gamma,Fz,POW.Fz.Gamma
POW_Feature,181,0.0,1.0,0.0,1.0,0.0,1.0,Script18_Regionalised_L2_Native,Script18_Regionalised_L2_Native,True,False,-0.12534394590331502,-0.1703865840000074,-0.6110685530000002,0.3652479080000002,-0.015276735876243059,0.0,-0.07902410120000158,0.07902410120000003,-5.099788631830462,-4.734754845060504,-10.34247803699239,-0.2718717021076813,-0.2000733834802697,0.19134997356596778,0.10131331581032627,13,28,22.65193370165746,33,5,38,9,28,13,15,11,Gamma,O1,POW.O1.Gamma
POW_Feature,181,0.0,1.0,0.0,1.0,0.0,1.0,Script18_Regionalised_L2_Native,Script18_Regionalised_L2_Native,True,False,-0.10783594207182325,-0.164578165,-0.478742891,0.2374144170000001,-0.02359292186132594,0.0,-0.15804820239999973,0.07902410120000003,-5.099788631830462,-4.734754845060504,-10.34247803699239,-0.2718717021076813,-0.17054056918182509,0.2647311663768782,0.08203456953174068,15,29,24.30939226519337,36,9,36,8,29,15,12,4,Gamma,O2,POW.O2.Gamma
POW_Feature,181,0.0,1.0,0.0,1.0,0.0,1.0,Script18_Regionalised_L2_Native,Script18_Regionalised_L2_Native,True,False,-0.09070298908839788,-0.06709471599999395,-0.5272059779999996,0.3508650649999989,-0.02053257348453043,0.0,-0.07902410120000003,0.07902410119999997,-5.099788631830462,-4.734754845060504,-10.34247803699239,-0.2718717021076813,-0.11700706828020935,0.22324192710560448,0.07015208369451867,16,25,22.65193370165746,37,6,32,8,25,16,16,6,Gamma,Oz,POW.Oz.Gamma
POW_Feature,181,0.0,1.0,0.0,1.0,0.0,1.0,Script18_Regionalised_L2_Native,Script18_Regionalised_L2_Native,True,False,-0.44234797173889506,-0.41748241399999997,-0.775185794,-0.025457522000005728,-0.01875284315580118,0.0,-0.07902410120000003,0.07902410119999997,-5.099788631830462,-4.734754845060504,-10.34247803699239,-0.2718717021076813,-0.1621495412085371,0.11463667745193715,0.1013372325748865,6,12,9.94475138121547,49,17,44,13,12,6,10,1,Gamma,P3,POW.P3.Gamma
POW_Feature,181,0.0,1.0,0.0,1.0,0.0,1.0,Script18_Regionalised_L2_Native,Script18_Regionalised_L2_Native,True,False,-0.2377137783149171,-0.2486723679999998,-0.5873525440000007,0.0681298609999863,0.0004324295740332249,0.0,-0.07902410120000003,0.07902410120000003,-5.099788631830462,-4.734754845060504,-10.34247803699239,-0.2718717021076813,-0.1589575246622076,0.16075038947137882,-0.04013585574297558,5,15,11.049723756906078,36,13,50,10,15,5,14,8,Gamma,P4,POW.P4.Gamma
POW_Feature,181,0.0,1.0,0.0,1.0,0.0,1.0,Script18_Regionalised_L2_Native,Script18_Regionalised_L2_Native,True,False,-0.7631924266214366,-0.8335658778,-0.9886994083,-0.6098403047,0.0026279188033149965,0.0,-0.07902410120000003,0.07902410120000003,-5.099788631830462,-4.734754845060504,-10.34247803699239,-0.2718717021076813,-0.22600310342879337,-0.15816894791326158,0.06566471925079372,0,4,2.2099447513812156,55,17,60,22,4,0,3,0,Gamma,P7,POW.P7.Gamma
POW_Feature,181,0.0,1.0,0.0,1.0,0.0,1.0,Script18_Regionalised_L2_Native,Script18_Regionalised_L2_Native,True,False,-0.702177787839779,-0.7908527950000002,-1.0837278829999826,-0.3187323909999993,0.006548958662983206,0.0,-0.07902410120000003,0.07902410120000081,-5.099788631830462,-4.734754845060504,-10.34247803699239,-0.2718717021076813,-0.24894918671791888,0.24113594474684064,0.1117359767966154,4,8,6.629834254143646,50,12,55,23,8,4,2,2,Gamma,P8,POW.P8.Gamma
POW_Feature,181,0.0,1.0,0.0,1.0,0.0,1.0,Script18_Regionalised_L2_Native,Script18_Regionalised_L2_Native,True,False,-1.124899787160221,-1.1151119290000002,-1.5122294239999996,-0.7329100610000001,0.0004324295751382329,0.0,-0.07902410120000003,0.07902410120000003,-5.099788631830462,-4.734754845060504,-10.34247803699239,-0.2718717021076813,-0.2839024811156647,0.32744780354245095,-0.0668221120321706,0,1,0.5524861878453039,51,20,60,16,1,0,1,2,Gamma,PO10,POW.PO10.Gamma
POW_Feature,181,0.0,1.0,0.0,1.0,0.0,1.0,Script18_Regionalised_L2_Native,Script18_Regionalised_L2_Native,True,False,-0.6486292523944753,-0.6053304339999939,-1.224503097999999,-0.0176836490000003,-0.03578847101546956,0.0,-0.15804820239999995,0.07902410119999848,-5.099788631830462,-4.734754845060504,-10.34247803699239,-0.2718717021076813,-0.2574978505787715,0.003648559820219602,0.061630093604272275,12,16,15.469613259668508,49,9,39,10,16,12,4,1,Gamma,PO9,POW.PO9.Gamma
POW_Feature,181,0.0,1.0,0.0,1.0,0.0,1.0,Script18_Regionalised_L2_Native,Script18_Regionalised_L2_Native,True,False,-0.4793308952320446,-0.52543461,-0.871420901,-0.13588928699999991,-0.002191321559668585,0.0,-0.15804820229999994,0.07902410120000003,-5.099788631830462,-4.734754845060504,-10.34247803699239,-0.2718717021076813,-0.18055192398429676,0.11343334318331519,-0.0038984862552571002,6,14,11.049723756906078,52,11,50,18,14,6,5,7,Gamma,Pz,POW.Pz.Gamma
POW_Feature,181,0.0,1.0,0.0,1.0,0.0,1.0,Script18_Regionalised_L2_Native,Script18_Regionalised_L2_Native,True,False,-0.8279770894143647,-0.8587496620000001,-1.135435373,-0.515038793,0.001313959403314909,0.0,-0.07902410120000003,0.07902410120000003,-5.099788631830462,-4.734754845060504,-10.34247803699239,-0.2718717021076813,-0.2464237679904165,0.06375086344572573,0.1377708714806819,0,3,1.6574585635359116,62,13,53,24,3,0,0,0,Gamma,T7,POW.T7.Gamma
POW_Feature,181,0.0,1.0,0.0,1.0,0.0,1.0,Script18_Regionalised_L2_Native,Script18_Regionalised_L2_Native,True,False,-0.5702226684254148,-0.5614636960000037,-0.8249243380000002,-0.2858675099999992,-0.012673823087845346,0.0,-0.07902410120000003,0.07902410120000003,-5.099788631830462,-4.734754845060504,-10.34247803699239,-0.2718717021076813,-0.02542426050406124,0.045535673869937995,0.012857938721755762,2,1,1.6574585635359116,62,23,49,12,1,2,3,3,Gamma,T8,POW.T8.Gamma
POW_Feature,181,0.0,1.0,0.0,1.0,0.0,1.0,Script18_Regionalised_L2_Native,Script18_Regionalised_L2_Native,True,False,-0.6970000521364638,-0.722524360999977,-1.049429933299996,-0.37213604850000004,-0.008307850639778949,0.0,-0.15804820229999994,0.07902410120000003,-5.099788631830462,-4.734754845060504,-10.34247803699239,-0.2718717021076813,-0.11546225287113658,0.11557920554128417,0.09327429117274429,5,7,6.629834254143646,55,13,52,16,7,5,5,2,Theta,C3,POW.C3.Theta
POW_Feature,181,0.0,1.0,0.0,1.0,0.0,1.0,Script18_Regionalised_L2_Native,Script18_Regionalised_L2_Native,True,False,-0.16976128043425395,-0.14876545600000002,-0.49946344499999995,0.1650057570000001,0.003480274945856329,0.0,-0.07902410120000003,0.07902410120000003,-5.099788631830462,-4.734754845060504,-10.34247803699239,-0.2718717021076813,-0.16402129429177542,0.25400947673826557,0.03381081971188418,10,22,17.679558011049725,38,6,42,11,22,10,16,8,Theta,C4,POW.C4.Theta
POW_Feature,181,0.0,1.0,0.0,1.0,0.0,1.0,Script18_Regionalised_L2_Native,Script18_Regionalised_L2_Native,True,False,-0.6298064764806631,-0.6216204439999999,-1.016227024,-0.1978108660000002,-0.026204169989502816,-3.1086244689504383e-15,-0.15804820239999845,0.07902410120000003,-5.099788631830462,-4.734754845060504,-10.34247803699239,-0.2718717021076813,-0.22300918530810918,0.1469373823886875,-0.045011838491173455,4,17,11.602209944751381,53,18,41,15,17,4,4,3,Theta,CP1,POW.CP1.Theta
POW_Feature,181,0.0,1.0,0.0,1.0,0.0,1.0,Script18_Regionalised_L2_Native,Script18_Regionalised_L2_Native,True,False,-0.17450887714364618,-0.183687441,-0.46798242199999995,0.19421850399999974,-0.009189380472928292,0.0,-0.15804820239999373,0.07902410120000003,-5.099788631830462,-4.734754845060504,-10.34247803699239,-0.2718717021076813,-0.21679366625309823,0.17222193187885704,0.006108770047685397,12,29,22.65193370165746,36,9,36,15,29,12,14,8,Theta,CP2,POW.CP2.Theta
POW_Feature,181,0.0,1.0,0.0,1.0,0.0,1.0,Script18_Regionalised_L2_Native,Script18_Regionalised_L2_Native,True,False,-1.0319028496960216,-1.0398927744,-1.4577019677999998,-0.5994145279999916,-0.0004532679171273191,0.0,-0.07902410120000003,0.07902410120000003,-5.099788631830462,-4.734754845060504,-10.34247803699239,-0.2718717021076813,-0.09092850413615046,0.12294014321317985,0.0015842408055638671,4,0,2.2099447513812156,58,12,55,16,0,4,3,2,Theta,CP5,POW.CP5.Theta
POW_Feature,181,0.0,1.0,0.0,1.0,0.0,1.0,Script18_Regionalised_L2_Native,Script18_Regionalised_L2_Native,True,False,-0.3086380738232042,-0.26910929999998423,-0.7354095190000001,0.1355395490000033,0.01569666244917125,0.0,-0.07902410120000003,0.07902410120000158,-5.099788631830462,-4.734754845060504,-10.34247803699239,-0.2718717021076813,-0.12551963382186024,0.22236075931966812,0.05639660100909993,8,23,17.12707182320442,31,7,50,12,23,8,15,12,Theta,CP6,POW.CP6.Theta
POW_Feature,181,0.0,1.0,0.0,1.0,0.0,1.0,Script18_Regionalised_L2_Native,Script18_Regionalised_L2_Native,True,False,-0.6957442049287296,-0.6646364189999998,-1.0613644020000002,-0.29143590900000493,0.0021829862254143027,0.0,-0.07902410120000003,0.07902410120000314,-5.099788631830462,-4.734754845060504,-10.34247803699239,-0.2718717021076813,-0.17092330959189359,0.2615796906966644,0.14398583915147528,3,7,5.524861878453039,51,13,55,22,7,3,2,2,Theta,Cz,POW.Cz.Theta
POW_Feature,181,0.0,1.0,0.0,1.0,0.0,1.0,Script18_Regionalised_L2_Native,Script18_Regionalised_L2_Native,True,False,-0.7437210833088398,-0.7049060879999876,-1.14883904,-0.3609026099999997,-0.0021704832127072203,0.0,-0.08279584150000002,0.07902410120000003,-5.099788631830462,-4.734754845060504,-10.34247803699239,-0.2718717021076813,-0.17978136211617618,0.14097122066261603,-0.021668550884175283,4,5,4.972375690607735,56,14,55,14,5,4,3,3,Theta,F3,POW.F3.Theta
POW_Feature,181,0.0,1.0,0.0,1.0,0.0,1.0,Script18_Regionalised_L2_Native,Script18_Regionalised_L2_Native,True,False,-0.3999085685110496,-0.33097164300000004,-0.7132583472999999,-0.04322810099999996,-0.002187153891712768,0.0,-0.07902410120000314,0.07902410120000025,-5.099788631830462,-4.734754845060504,-10.34247803699239,-0.2718717021076813,-0.09865454057458316,0.10560779551981482,0.03556592055785642,7,11,9.94475138121547,45,15,47,14,11,7,13,4,Theta,F4,POW.F4.Theta
POW_Feature,181,0.0,1.0,0.0,1.0,0.0,1.0,Script18_Regionalised_L2_Native,Script18_Regionalised_L2_Native,True,False,-0.6379297192690603,-0.6368650419999997,-1.0130278589999997,-0.322948103000003,0.010033401279558056,0.0,-0.07902410120000003,0.07902410120000003,-5.099788631830462,-4.734754845060504,-10.34247803699239,-0.2718717021076813,-0.21286035980558787,0.12215937646623941,0.0568004903333765,4,7,6.077348066298343,51,10,55,21,7,4,3,4,Theta,F7,POW.F7.Theta
POW_Feature,181,0.0,1.0,0.0,1.0,0.0,1.0,Script18_Regionalised_L2_Native,Script18_Regionalised_L2_Native,True,False,-0.4554763000961324,-0.4882268060999999,-0.8409219889999897,-0.07171777800000001,-0.0004365972430939491,0.0,-0.07902410120000003,0.08355018959999361,-5.099788631830462,-4.734754845060504,-10.34247803699239,-0.2718717021076813,-0.15380378523095697,-0.03216419260099894,0.1694027328329975,4,19,12.707182320441989,45,12,44,22,19,4,13,2,Theta,F8,POW.F8.Theta
POW_Feature,181,0.0,1.0,0.0,1.0,0.0,1.0,Script18_Regionalised_L2_Native,Script18_Regionalised_L2_Native,True,False,-0.3080710461801107,-0.31634297700000014,-0.6888839630000001,0.11913646399999989,0.001305624064088228,0.0,-0.07902410120000003,0.07902410120000003,-5.099788631830462,-4.734754845060504,-10.34247803699239,-0.2718717021076813,-0.11954141482828262,0.17255528750480978,-0.003066298767869237,7,23,16.574585635359117,37,11,50,14,23,7,8,8,Theta,FC1,POW.FC1.Theta
POW_Feature,181,0.0,1.0,0.0,1.0,0.0,1.0,Script18_Regionalised_L2_Native,Script18_Regionalised_L2_Native,True,False,0.23026989830386735,0.2837689704,-0.049892422399999914,0.5608906191000093,0.011334857672928116,0.0,-0.07902410120000003,0.1580482024,-5.099788631830462,-4.734754845060504,-10.34247803699239,-0.2718717021076813,-0.18199828582223895,0.19584685807707486,-0.008976123228139534,19,37,30.939226519337016,14,3,23,3,37,19,32,16,Theta,FC2,POW.FC2.Theta
POW_Feature,181,0.0,1.0,0.0,1.0,0.0,1.0,Script18_Regionalised_L2_Native,Script18_Regionalised_L2_Native,True,False,-0.9150442545149167,-0.8837240829999999,-1.3425964558999985,-0.48512900000000014,-0.007867085730939258,0.0,-0.07902410120000003,0.07902410120000003,-5.099788631830462,-4.734754845060504,-10.34247803699239,-0.2718717021076813,-0.08404956044383655,0.15345076190709994,0.01713100602980298,5,3,4.419889502762431,61,13,50,22,3,5,0,0,Theta,FC5,POW.FC5.Theta
POW_Feature,181,0.0,1.0,0.0,1.0,0.0,1.0,Script18_Regionalised_L2_Native,Script18_Regionalised_L2_Native,True,False,-0.4737303682453038,-0.4437621589999998,-0.851219756999996,-0.04122029100000013,-0.004365972439779065,0.0,-0.07902410120000003,0.07902410120000003,-5.099788631830462,-4.734754845060504,-10.34247803699239,-0.2718717021076813,-0.24526042622274297,0.10501119753836101,0.010936665769547493,7,15,12.154696132596685,34,13,51,9,15,7,9,3,Theta,FC6,POW.FC6.Theta
POW_Feature,181,0.0,1.0,0.0,1.0,0.0,1.0,Script18_Regionalised_L2_Native,Script18_Regionalised_L2_Native,True,False,-0.20089252659171225,-0.19755082999999996,-0.6649975369999999,0.2424791879999999,0.008727777214364784,0.0,-0.07902410120000003,0.07902410120000003,-5.099788631830462,-4.734754845060504,-10.34247803699239,-0.2718717021076813,-0.1522664300551604,-0.11851192586732551,0.05848407063084521,6,25,17.12707182320442,31,7,41,16,25,6,20,9,Theta,FT10,POW.FT10.Theta
POW_Feature,181,0.0,1.0,0.0,1.0,0.0,1.0,Script18_Regionalised_L2_Native,Script18_Regionalised_L2_Native,True,False,-0.23589588904530304,-0.254701144,-0.6884686880000002,0.270224421,-0.009630145385082993,0.0,-0.07902410120000003,0.07902410120000003,-5.099788631830462,-4.734754845060504,-10.34247803699239,-0.2718717021076813,-0.2230349867879827,-0.18641862515360763,0.05967275541789842,5,26,17.12707182320442,29,15,36,18,26,5,17,4,Theta,FT9,POW.FT9.Theta
POW_Feature,181,0.0,1.0,0.0,1.0,0.0,1.0,Script18_Regionalised_L2_Native,Script18_Regionalised_L2_Native,True,False,-0.4326560404618785,-0.3934545049999998,-0.8205861480000003,-0.04569400700000026,0.020520070476242987,0.0,-0.07902410120000003,0.15804820239999995,-5.099788631830462,-4.734754845060504,-10.34247803699239,-0.2718717021076813,-0.10634692638075592,0.10099214328181302,-0.03805026519361325,7,13,11.049723756906078,41,13,49,18,13,7,14,4,Theta,Fp1,POW.Fp1.Theta
POW_Feature,181,0.0,1.0,0.0,1.0,0.0,1.0,Script18_Regionalised_L2_Native,Script18_Regionalised_L2_Native,True,False,-0.397781877201105,-0.34340065399999986,-0.7308251180000003,-0.07294633400000006,-0.00044076491270706234,0.0,-0.07902410120000003,0.07902410120000003,-5.099788631830462,-4.734754845060504,-10.34247803699239,-0.2718717021076813,-0.12186347337752418,0.04730707144848819,-0.01783959901101729,5,13,9.94475138121547,43,15,53,13,13,5,7,5,Theta,Fp2,POW.Fp2.Theta
POW_Feature,181,0.0,1.0,0.0,1.0,0.0,1.0,Script18_Regionalised_L2_Native,Script18_Regionalised_L2_Native,True,False,-0.23902347793922682,-0.1840058950000003,-0.5894803780000002,0.10269811799999973,-0.004810905022099653,0.0,-0.1580482023999985,0.0790241012000007,-5.099788631830462,-4.734754845060504,-10.34247803699239,-0.2718717021076813,-0.1780853566906113,0.1715948759031357,0.05966787261039788,8,25,18.23204419889503,37,9,39,14,25,8,15,7,Theta,Fz,POW.Fz.Theta
POW_Feature,181,0.0,1.0,0.0,1.0,0.0,1.0,Script18_Regionalised_L2_Native,Script18_Regionalised_L2_Native,True,False,-0.7630009250963538,-0.7774963045999898,-1.192155772,-0.35033811000000004,-0.0008815298265193616,0.0,-0.07902410120000003,0.07902410120000003,-5.099788631830462,-4.734754845060504,-10.34247803699239,-0.2718717021076813,-0.1297818686109084,0.2228702129680672,-0.019050262338261698,2,3,2.7624309392265194,59,17,46,20,3,2,6,3,Theta,O1,POW.O1.Theta
POW_Feature,181,0.0,1.0,0.0,1.0,0.0,1.0,Script18_Regionalised_L2_Native,Script18_Regionalised_L2_Native,True,False,-0.6000774660878452,-0.545758943,-0.9232889759999874,-0.2524429220000002,0.0065489586591159195,0.0,-0.07902410120000003,0.07902410120000003,-5.099788631830462,-4.734754845060504,-10.34247803699239,-0.2718717021076813,-0.26481292255989924,0.26229773806346396,0.09776531072807315,2,12,7.734806629834254,49,13,55,18,12,2,3,4,Theta,O2,POW.O2.Theta
POW_Feature,181,0.0,1.0,0.0,1.0,0.0,1.0,Script18_Regionalised_L2_Native,Script18_Regionalised_L2_Native,True,False,-0.6736413661497237,-0.613697476,-0.9736489969999969,-0.30739663799999994,-0.002191321557458633,0.0,-0.07902410120000003,0.07902410120000003,-5.099788631830462,-4.734754845060504,-10.34247803699239,-0.2718717021076813,-0.095203194703532,0.2454869240284626,0.05557807852644335,1,8,4.972375690607735,53,15,50,14,8,1,7,6,Theta,Oz,POW.Oz.Theta
POW_Feature,181,0.0,1.0,0.0,1.0,0.0,1.0,Script18_Regionalised_L2_Native,Script18_Regionalised_L2_Native,True,False,-0.6681548632438675,-0.6776557040000002,-1.030794686999988,-0.20183029600000002,-0.01573417146574587,0.0,-0.07902410120000081,0.07902410120000003,-5.099788631830462,-4.734754845060504,-10.34247803699239,-0.2718717021076813,-0.09284015687924771,0.21402928819241002,0.04497671790937424,4,11,8.287292817679559,49,14,46,18,11,4,7,4,Theta,P3,POW.P3.Theta
POW_Feature,181,0.0,1.0,0.0,1.0,0.0,1.0,Script18_Regionalised_L2_Native,Script18_Regionalised_L2_Native,True,False,-0.21476286941933675,-0.15554907100000004,-0.5697828719999998,0.1358253519999999,0.008719441877900492,0.0,-0.07902410120000003,0.15804820239999617,-5.099788631830462,-4.734754845060504,-10.34247803699239,-0.2718717021076813,-0.16646022147890602,0.2614878148284042,0.024361952527092914,13,23,19.88950276243094,35,7,44,10,23,13,14,8,Theta,P4,POW.P4.Theta
POW_Feature,181,0.0,1.0,0.0,1.0,0.0,1.0,Script18_Regionalised_L2_Native,Script18_Regionalised_L2_Native,True,False,-0.9854160941006632,-1.0,-1.3040384444,-0.7166258398,0.01615409803314923,0.0,-0.07902410119999997,0.07902410120000003,-5.099788631830462,-4.734754845060504,-10.34247803699239,-0.2718717021076813,-0.017166732328676867,0.3016434276207306,0.031952673512839654,1,1,1.1049723756906078,48,13,57,19,1,1,4,3,Theta,P7,POW.P7.Theta
POW_Feature,181,0.0,1.0,0.0,1.0,0.0,1.0,Script18_Regionalised_L2_Native,Script18_Regionalised_L2_Native,True,False,-0.42034918012762434,-0.4404848789999969,-0.8192743779999927,-0.044514835000003306,0.001309791730386573,0.0,-0.07902410120000003,0.07902410120000003,-5.099788631830462,-4.734754845060504,-10.34247803699239,-0.2718717021076813,-0.1659434078539529,0.41155736819262645,0.09168352401557757,7,14,11.602209944751381,45,6,46,16,14,7,4,9,Theta,P8,POW.P8.Theta
POW_Feature,181,0.0,1.0,0.0,1.0,0.0,1.0,Script18_Regionalised_L2_Native,Script18_Regionalised_L2_Native,True,False,-0.3696199373425417,-0.31007225599999977,-0.7420402544,-0.017775406000013483,-0.01309791732375673,0.0,-0.07902410120000003,0.07902410120000003,-5.099788631830462,-4.734754845060504,-10.34247803699239,-0.2718717021076813,-0.13960501549779988,0.25263288256296584,0.0773800905082462,12,9,11.602209944751381,51,7,41,16,9,12,7,4,Theta,PO10,POW.PO10.Theta
POW_Feature,181,0.0,1.0,0.0,1.0,0.0,1.0,Script18_Regionalised_L2_Native,Script18_Regionalised_L2_Native,True,False,-0.4254996882101656,-0.3701548055999999,-0.7520946339999999,-0.03947589500000004,0.011775622586740269,0.0,-0.07902410120000003,0.0850588857000063,-5.099788631830462,-4.734754845060504,-10.34247803699239,-0.2718717021076813,-0.21705999577771629,0.06535803878140149,-0.010471727731373491,9,13,12.154696132596685,38,10,42,18,13,9,13,2,Theta,PO9,POW.PO9.Theta
POW_Feature,181,0.0,1.0,0.0,1.0,0.0,1.0,Script18_Regionalised_L2_Native,Script18_Regionalised_L2_Native,True,False,-0.44525915376187863,-0.43478298399999993,-0.7672313379000025,-0.07778734799999998,-0.022278962459668608,-2.3314683517128287e-15,-0.15804820239999845,0.07902410120000003,-5.099788631830462,-4.734754845060504,-10.34247803699239,-0.2718717021076813,-0.1989920909340346,0.15790092425000518,0.017154302414938597,5,17,12.154696132596685,56,14,46,13,17,5,4,6,Theta,Pz,POW.Pz.Theta
POW_Feature,181,0.0,1.0,0.0,1.0,0.0,1.0,Script18_Regionalised_L2_Native,Script18_Regionalised_L2_Native,True,False,-1.3050598674211045,-1.3282316889999999,-1.683240661,-0.9527314099000002,0.01133069000386734,0.0,-0.07902410120000003,0.07902410120000003,-5.099788631830462,-4.734754845060504,-10.34247803699239,-0.2718717021076813,-0.04599789979392325,-0.037777680781220006,0.05677833459366966,0,2,1.1049723756906078,56,19,58,20,2,0,0,0,Theta,T7,POW.T7.Theta
POW_Feature,181,0.0,1.0,0.0,1.0,0.0,1.0,Script18_Regionalised_L2_Native,Script18_Regionalised_L2_Native,True,False,-0.48799660707679493,-0.45868558400000015,-0.91099156,-0.025101386000000003,0.021834029880663054,0.0,-0.07902410120000003,0.07902410120000003,-5.099788631830462,-4.734754845060504,-10.34247803699239,-0.2718717021076813,-0.1270525163464761,0.033121873546503346,-0.11907609237848815,6,9,8.287292817679559,33,11,50,21,9,6,15,4,Theta,T8,POW.T8.Theta
