Source_File,Dataset,Metric,Band,Envelope_Band,N_Edges,Mean,Median,SD,Min,P10,P25,P75,P90,Max,Mean_Baseline,Mean_Modulation,Mean_Delta,Median_Delta,Mean_Abs_Delta,Max_Abs_Delta
BASELINE_EC__POW_Alpha__Envelope_Coherence_Summary.csv,BASELINE_EC,Band-Power Envelope Coherence,Alpha,Fast,496,0.2667422383576413,0.1396197599163171,0.2719015947814127,0.0047186461043369,0.0193554417517767,0.0578341170403097,0.4196429577084818,0.7424269383449692,0.9800504701510095,,,,,,
BASELINE_EC__POW_Alpha__Envelope_Coherence_Summary.csv,BASELINE_EC,Band-Power Envelope Coherence,Alpha,Medium,496,0.2666983888341079,0.139378790307619,0.2719294539728742,0.0047039322757507,0.0193104362011594,0.0578119404260046,0.4197178608749105,0.742442973914625,0.980057575024838,,,,,,
BASELINE_EC__POW_Alpha__Envelope_Coherence_Summary.csv,BASELINE_EC,Band-Power Envelope Coherence,Alpha,Slow,496,0.2673591779849122,0.1364806821793381,0.2724572641663844,0.0047871019769517,0.0187499231232359,0.0581088133044417,0.4223271218006542,0.744792837013922,0.9807023880186424,,,,,,
BASELINE_EC__POW_Alpha__Envelope_Coherence_Summary.csv,BASELINE_EC,Band-Power Envelope Coherence,Alpha,UltraSlow,496,0.2547034024283441,0.1232869497012846,0.2775442142790513,0.0023403001083265,0.0118340509658444,0.0390661527933755,0.4247149873631107,0.7345303575110693,0.9803194226144212,,,,,,
BASELINE_EC__POW_BetaH__Envelope_Coherence_Summary.csv,BASELINE_EC,Band-Power Envelope Coherence,BetaH,Fast,496,0.2786234221821592,0.1954877182252166,0.2375917186898501,0.0068684312905265,0.0316046447842126,0.09195470307673,0.4219716364284012,0.6566953840619659,0.9505362256503578,,,,,,
BASELINE_EC__POW_BetaH__Envelope_Coherence_Summary.csv,BASELINE_EC,Band-Power Envelope Coherence,BetaH,Medium,496,0.2786048701877537,0.1955326242554121,0.2375898965089001,0.0068664619773654,0.0315955271161044,0.0919540357635558,0.4219295253799739,0.6566690207333998,0.9505316027741626,,,,,,
BASELINE_EC__POW_BetaH__Envelope_Coherence_Summary.csv,BASELINE_EC,Band-Power Envelope Coherence,BetaH,Slow,496,0.2801809187819402,0.1959155370554226,0.2390248401907709,0.006891601813506,0.0314945157776344,0.0913290318223298,0.4233450221962591,0.6591814402222775,0.9523676723692248,,,,,,
BASELINE_EC__POW_BetaH__Envelope_Coherence_Summary.csv,BASELINE_EC,Band-Power Envelope Coherence,BetaH,UltraSlow,496,0.2682674345164577,0.1944923730137768,0.2346878784150853,0.006688165094537,0.0305119615660927,0.0734331844638341,0.3975270348232598,0.6369157657963526,0.943520360027886,,,,,,
BASELINE_EC__POW_BetaL__Envelope_Coherence_Summary.csv,BASELINE_EC,Band-Power Envelope Coherence,BetaL,Fast,496,0.3166865510888473,0.2230659631781824,0.2663248495937814,0.0097923719194551,0.0418453111675957,0.090498352896054,0.5335051174585178,0.7360389105498771,0.951837209120918,,,,,,
BASELINE_EC__POW_BetaL__Envelope_Coherence_Summary.csv,BASELINE_EC,Band-Power Envelope Coherence,BetaL,Medium,496,0.3166910313229522,0.2230824178338484,0.2663182070671049,0.0097926921476083,0.0418593645579138,0.0904844872073714,0.5335281969582266,0.7360302526944849,0.9518333754924042,,,,,,
BASELINE_EC__POW_BetaL__Envelope_Coherence_Summary.csv,BASELINE_EC,Band-Power Envelope Coherence,BetaL,Slow,496,0.3181462427336508,0.2241516547881389,0.2672371808859001,0.0093877137912759,0.0422453242943902,0.0948241693404555,0.5325813645982769,0.7408920809368333,0.9527712881568564,,,,,,
BASELINE_EC__POW_BetaL__Envelope_Coherence_Summary.csv,BASELINE_EC,Band-Power Envelope Coherence,BetaL,UltraSlow,496,0.3105799910767196,0.2158131673454955,0.2632284364593925,0.0110303534591756,0.0418587836163845,0.0832037407145549,0.5271910176443625,0.7296847385032411,0.9484528525615628,,,,,,
BASELINE_EC__POW_Envelope_Coherence_Summary.csv,BASELINE_EC,Band-Power Envelope Coherence,Alpha,Fast,496,0.2667422383576413,0.1396197599163171,0.2719015947814127,0.0047186461043369,0.0193554417517767,0.0578341170403097,0.4196429577084818,0.7424269383449692,0.9800504701510095,,,,,,
BASELINE_EC__POW_Envelope_Coherence_Summary.csv,BASELINE_EC,Band-Power Envelope Coherence,Alpha,Medium,496,0.2666983888341079,0.139378790307619,0.2719294539728742,0.0047039322757507,0.0193104362011594,0.0578119404260046,0.4197178608749105,0.742442973914625,0.980057575024838,,,,,,
BASELINE_EC__POW_Envelope_Coherence_Summary.csv,BASELINE_EC,Band-Power Envelope Coherence,Alpha,Slow,496,0.2673591779849122,0.1364806821793381,0.2724572641663844,0.0047871019769517,0.0187499231232359,0.0581088133044417,0.4223271218006542,0.744792837013922,0.9807023880186424,,,,,,
BASELINE_EC__POW_Envelope_Coherence_Summary.csv,BASELINE_EC,Band-Power Envelope Coherence,Alpha,UltraSlow,496,0.2547034024283441,0.1232869497012846,0.2775442142790513,0.0023403001083265,0.0118340509658444,0.0390661527933755,0.4247149873631107,0.7345303575110693,0.9803194226144212,,,,,,
BASELINE_EC__POW_Envelope_Coherence_Summary.csv,BASELINE_EC,Band-Power Envelope Coherence,BetaH,Fast,496,0.2786234221821592,0.1954877182252166,0.2375917186898501,0.0068684312905265,0.0316046447842126,0.09195470307673,0.4219716364284012,0.6566953840619659,0.9505362256503578,,,,,,
BASELINE_EC__POW_Envelope_Coherence_Summary.csv,BASELINE_EC,Band-Power Envelope Coherence,BetaH,Medium,496,0.2786048701877537,0.1955326242554121,0.2375898965089001,0.0068664619773654,0.0315955271161044,0.0919540357635558,0.4219295253799739,0.6566690207333998,0.9505316027741626,,,,,,
BASELINE_EC__POW_Envelope_Coherence_Summary.csv,BASELINE_EC,Band-Power Envelope Coherence,BetaH,Slow,496,0.2801809187819402,0.1959155370554226,0.2390248401907709,0.006891601813506,0.0314945157776344,0.0913290318223298,0.4233450221962591,0.6591814402222775,0.9523676723692248,,,,,,
BASELINE_EC__POW_Envelope_Coherence_Summary.csv,BASELINE_EC,Band-Power Envelope Coherence,BetaH,UltraSlow,496,0.2682674345164577,0.1944923730137768,0.2346878784150853,0.006688165094537,0.0305119615660927,0.0734331844638341,0.3975270348232598,0.6369157657963526,0.943520360027886,,,,,,
BASELINE_EC__POW_Envelope_Coherence_Summary.csv,BASELINE_EC,Band-Power Envelope Coherence,BetaL,Fast,496,0.3166865510888473,0.2230659631781824,0.2663248495937814,0.0097923719194551,0.0418453111675957,0.090498352896054,0.5335051174585178,0.7360389105498771,0.951837209120918,,,,,,
BASELINE_EC__POW_Envelope_Coherence_Summary.csv,BASELINE_EC,Band-Power Envelope Coherence,BetaL,Medium,496,0.3166910313229522,0.2230824178338484,0.2663182070671049,0.0097926921476083,0.0418593645579138,0.0904844872073714,0.5335281969582266,0.7360302526944849,0.9518333754924042,,,,,,
BASELINE_EC__POW_Envelope_Coherence_Summary.csv,BASELINE_EC,Band-Power Envelope Coherence,BetaL,Slow,496,0.3181462427336508,0.2241516547881389,0.2672371808859001,0.0093877137912759,0.0422453242943902,0.0948241693404555,0.5325813645982769,0.7408920809368333,0.9527712881568564,,,,,,
BASELINE_EC__POW_Envelope_Coherence_Summary.csv,BASELINE_EC,Band-Power Envelope Coherence,BetaL,UltraSlow,496,0.3105799910767196,0.2158131673454955,0.2632284364593925,0.0110303534591756,0.0418587836163845,0.0832037407145549,0.5271910176443625,0.7296847385032411,0.9484528525615628,,,,,,
BASELINE_EC__POW_Envelope_Coherence_Summary.csv,BASELINE_EC,Band-Power Envelope Coherence,Gamma,Fast,496,0.1213651063135101,0.0657391887300725,0.1339854376342418,0.0015055219605002,0.010918733601425,0.0219979813694167,0.1791969592236973,0.326422148261709,0.6363172406084661,,,,,,
BASELINE_EC__POW_Envelope_Coherence_Summary.csv,BASELINE_EC,Band-Power Envelope Coherence,Gamma,Medium,496,0.1213553567363028,0.065732961241671,0.1339835121380219,0.0015087959097872,0.0109149069109189,0.0219940222456774,0.1792257480379067,0.3263457095927023,0.6362858668300158,,,,,,
BASELINE_EC__POW_Envelope_Coherence_Summary.csv,BASELINE_EC,Band-Power Envelope Coherence,Gamma,Slow,496,0.1217813448877328,0.0668883907386046,0.1346129263561236,0.0015475702337233,0.0108158456381187,0.0220946273446965,0.1796680892294767,0.327646642526639,0.6379729036125809,,,,,,
BASELINE_EC__POW_Envelope_Coherence_Summary.csv,BASELINE_EC,Band-Power Envelope Coherence,Gamma,UltraSlow,496,0.1168713604717452,0.0632149209422349,0.132921833770769,0.0011131792478383,0.009134330564936,0.0198299663201195,0.1695952008155609,0.3129813690061466,0.6300900917663953,,,,,,
BASELINE_EC__POW_Envelope_Coherence_Summary.csv,BASELINE_EC,Band-Power Envelope Coherence,Theta,Fast,496,0.3659410322735433,0.3583668486515503,0.1680776376826141,0.0646655434227485,0.1693723773093775,0.2245471014240523,0.4716759422537496,0.5943472872266194,0.9155287158228812,,,,,,
BASELINE_EC__POW_Envelope_Coherence_Summary.csv,BASELINE_EC,Band-Power Envelope Coherence,Theta,Medium,496,0.365921590215495,0.3583299326619718,0.168073313962001,0.0646780436858275,0.169334918182597,0.2245308015627018,0.471646663522721,0.5942938167623646,0.9155304058461196,,,,,,
BASELINE_EC__POW_Envelope_Coherence_Summary.csv,BASELINE_EC,Band-Power Envelope Coherence,Theta,Slow,496,0.3693003415202855,0.3614058293477831,0.168025794631517,0.0635714290131766,0.174177379275905,0.2284680611485888,0.4724821701669456,0.5954207281234618,0.916100489684764,,,,,,
BASELINE_EC__POW_Envelope_Coherence_Summary.csv,BASELINE_EC,Band-Power Envelope Coherence,Theta,UltraSlow,496,0.3514137234348492,0.336590375084707,0.1728753461918121,0.0597272944342289,0.1495307553262592,0.2058577618692857,0.4529441409619404,0.5945495844588147,0.9103044893471968,,,,,,
BASELINE_EC__POW_Gamma__Envelope_Coherence_Summary.csv,BASELINE_EC,Band-Power Envelope Coherence,Gamma,Fast,496,0.1213651063135101,0.0657391887300725,0.1339854376342418,0.0015055219605002,0.010918733601425,0.0219979813694167,0.1791969592236973,0.326422148261709,0.6363172406084661,,,,,,
BASELINE_EC__POW_Gamma__Envelope_Coherence_Summary.csv,BASELINE_EC,Band-Power Envelope Coherence,Gamma,Medium,496,0.1213553567363028,0.065732961241671,0.1339835121380219,0.0015087959097872,0.0109149069109189,0.0219940222456774,0.1792257480379067,0.3263457095927023,0.6362858668300158,,,,,,
BASELINE_EC__POW_Gamma__Envelope_Coherence_Summary.csv,BASELINE_EC,Band-Power Envelope Coherence,Gamma,Slow,496,0.1217813448877328,0.0668883907386046,0.1346129263561236,0.0015475702337233,0.0108158456381187,0.0220946273446965,0.1796680892294767,0.327646642526639,0.6379729036125809,,,,,,
BASELINE_EC__POW_Gamma__Envelope_Coherence_Summary.csv,BASELINE_EC,Band-Power Envelope Coherence,Gamma,UltraSlow,496,0.1168713604717452,0.0632149209422349,0.132921833770769,0.0011131792478383,0.009134330564936,0.0198299663201195,0.1695952008155609,0.3129813690061466,0.6300900917663953,,,,,,
BASELINE_EC__POW_Theta__Envelope_Coherence_Summary.csv,BASELINE_EC,Band-Power Envelope Coherence,Theta,Fast,496,0.3659410322735433,0.3583668486515503,0.1680776376826141,0.0646655434227485,0.1693723773093775,0.2245471014240523,0.4716759422537496,0.5943472872266194,0.9155287158228812,,,,,,
BASELINE_EC__POW_Theta__Envelope_Coherence_Summary.csv,BASELINE_EC,Band-Power Envelope Coherence,Theta,Medium,496,0.365921590215495,0.3583299326619718,0.168073313962001,0.0646780436858275,0.169334918182597,0.2245308015627018,0.471646663522721,0.5942938167623646,0.9155304058461196,,,,,,
BASELINE_EC__POW_Theta__Envelope_Coherence_Summary.csv,BASELINE_EC,Band-Power Envelope Coherence,Theta,Slow,496,0.3693003415202855,0.3614058293477831,0.168025794631517,0.0635714290131766,0.174177379275905,0.2284680611485888,0.4724821701669456,0.5954207281234618,0.916100489684764,,,,,,
BASELINE_EC__POW_Theta__Envelope_Coherence_Summary.csv,BASELINE_EC,Band-Power Envelope Coherence,Theta,UltraSlow,496,0.3514137234348492,0.336590375084707,0.1728753461918121,0.0597272944342289,0.1495307553262592,0.2058577618692857,0.4529441409619404,0.5945495844588147,0.9103044893471968,,,,,,
BASELINE_EC__RawEEG_Coherence_Summary.csv,BASELINE_EC,Raw EEG Band-Limited Coherence,Alpha,,496,0.4185382523397904,0.3665437189020525,0.279311745915029,0.0477920624656277,0.1117761542828729,0.1564346450560823,0.6461102258544322,0.8471922792635412,0.9868018334122184,,,,,,
BASELINE_EC__RawEEG_Coherence_Summary.csv,BASELINE_EC,Raw EEG Band-Limited Coherence,BetaH,,496,0.3906866594180486,0.3751519677682064,0.2520786664850127,0.0111826853573103,0.0723512017913458,0.1577269500625413,0.5875844169278912,0.7694568641382012,0.9515397934932762,,,,,,
BASELINE_EC__RawEEG_Coherence_Summary.csv,BASELINE_EC,Raw EEG Band-Limited Coherence,BetaL,,496,0.4460311325681113,0.4304476201260143,0.2705953991669431,0.0033808536735337,0.0833343208829711,0.2028714766846818,0.6743398219698837,0.8271880876905611,0.9645943904661538,,,,,,
BASELINE_EC__RawEEG_Coherence_Summary.csv,BASELINE_EC,Raw EEG Band-Limited Coherence,Gamma,,496,0.2632467195748682,0.2448903327109749,0.1570015484254734,0.0184855239309139,0.0763909004269579,0.1445496060459804,0.3720462329569289,0.4691956384510052,0.7217167001980747,,,,,,
BASELINE_EC__RawEEG_Coherence_Summary.csv,BASELINE_EC,Raw EEG Band-Limited Coherence,Theta,,496,0.4642356742234206,0.467104499276139,0.2357659146574094,0.0056754873817305,0.1381502352892142,0.2774210181042706,0.6500707360883968,0.7903340692481086,0.9410884144214058,,,,,,
BASELINE_EC__RawEEG_PLV_Summary.csv,BASELINE_EC,Raw EEG Phase-Locking Value,Alpha,,496,0.5088748340399815,0.5064421286195881,0.2557246983144501,0.0690910634133673,0.1924592796361698,0.2511919354499656,0.7237272723696825,0.8672167475167184,0.9837580224068072,,,,,,
BASELINE_EC__RawEEG_PLV_Summary.csv,BASELINE_EC,Raw EEG Phase-Locking Value,BetaH,,496,0.5029789930721594,0.5178707798104052,0.2255064194119274,0.0214912025023823,0.1927389070111292,0.3086576935694083,0.6771553044774749,0.8136602639428929,0.9514347713021128,,,,,,
BASELINE_EC__RawEEG_PLV_Summary.csv,BASELINE_EC,Raw EEG Phase-Locking Value,BetaL,,496,0.5316699721592447,0.5412719770527558,0.2270299738788156,0.006838285401723,0.2181671856158375,0.3561382534198994,0.7107398874216727,0.8333691424472243,0.9492378745122706,,,,,,
BASELINE_EC__RawEEG_PLV_Summary.csv,BASELINE_EC,Raw EEG Phase-Locking Value,Gamma,,496,0.4167411907184316,0.4107717244008132,0.1601414300126311,0.0854531912015965,0.2079101967612658,0.2982389845151922,0.5367320016455692,0.6318888891047915,0.7886336035560779,,,,,,
BASELINE_EC__RawEEG_PLV_Summary.csv,BASELINE_EC,Raw EEG Phase-Locking Value,Theta,,496,0.5708677544854956,0.5865055317559553,0.2003002244890066,0.0295241496843452,0.294676873379135,0.4339802279135786,0.7276468423893524,0.8358812127402044,0.9531704234560454,,,,,,
BASELINE_EC__RawEEG_Spectral_State_Dynamics_Summary.csv,BASELINE_EC,Raw EEG Band-Limited Coherence,Alpha,,496,0.4185382523397904,0.3665437189020525,0.279311745915029,0.0477920624656277,0.1117761542828729,0.1564346450560823,0.6461102258544322,0.8471922792635412,0.9868018334122184,,,,,,
BASELINE_EC__RawEEG_Spectral_State_Dynamics_Summary.csv,BASELINE_EC,Raw EEG Band-Limited Coherence,BetaH,,496,0.3906866594180486,0.3751519677682064,0.2520786664850127,0.0111826853573103,0.0723512017913458,0.1577269500625413,0.5875844169278912,0.7694568641382012,0.9515397934932762,,,,,,
BASELINE_EC__RawEEG_Spectral_State_Dynamics_Summary.csv,BASELINE_EC,Raw EEG Band-Limited Coherence,BetaL,,496,0.4460311325681113,0.4304476201260143,0.2705953991669431,0.0033808536735337,0.0833343208829711,0.2028714766846818,0.6743398219698837,0.8271880876905611,0.9645943904661538,,,,,,
BASELINE_EC__RawEEG_Spectral_State_Dynamics_Summary.csv,BASELINE_EC,Raw EEG Band-Limited Coherence,Gamma,,496,0.2632467195748682,0.2448903327109749,0.1570015484254734,0.0184855239309139,0.0763909004269579,0.1445496060459804,0.3720462329569289,0.4691956384510052,0.7217167001980747,,,,,,
BASELINE_EC__RawEEG_Spectral_State_Dynamics_Summary.csv,BASELINE_EC,Raw EEG Band-Limited Coherence,Theta,,496,0.4642356742234206,0.467104499276139,0.2357659146574094,0.0056754873817305,0.1381502352892142,0.2774210181042706,0.6500707360883968,0.7903340692481086,0.9410884144214058,,,,,,
BASELINE_EC__RawEEG_Spectral_State_Dynamics_Summary.csv,BASELINE_EC,Raw EEG Phase-Locking Value,Alpha,,496,0.5088748340399815,0.5064421286195881,0.2557246983144501,0.0690910634133673,0.1924592796361698,0.2511919354499656,0.7237272723696825,0.8672167475167184,0.9837580224068072,,,,,,
BASELINE_EC__RawEEG_Spectral_State_Dynamics_Summary.csv,BASELINE_EC,Raw EEG Phase-Locking Value,BetaH,,496,0.5029789930721594,0.5178707798104052,0.2255064194119274,0.0214912025023823,0.1927389070111292,0.3086576935694083,0.6771553044774749,0.8136602639428929,0.9514347713021128,,,,,,
BASELINE_EC__RawEEG_Spectral_State_Dynamics_Summary.csv,BASELINE_EC,Raw EEG Phase-Locking Value,BetaL,,496,0.5316699721592447,0.5412719770527558,0.2270299738788156,0.006838285401723,0.2181671856158375,0.3561382534198994,0.7107398874216727,0.8333691424472243,0.9492378745122706,,,,,,
BASELINE_EC__RawEEG_Spectral_State_Dynamics_Summary.csv,BASELINE_EC,Raw EEG Phase-Locking Value,Gamma,,496,0.4167411907184316,0.4107717244008132,0.1601414300126311,0.0854531912015965,0.2079101967612658,0.2982389845151922,0.5367320016455692,0.6318888891047915,0.7886336035560779,,,,,,
BASELINE_EC__RawEEG_Spectral_State_Dynamics_Summary.csv,BASELINE_EC,Raw EEG Phase-Locking Value,Theta,,496,0.5708677544854956,0.5865055317559553,0.2003002244890066,0.0295241496843452,0.294676873379135,0.4339802279135786,0.7276468423893524,0.8358812127402044,0.9531704234560454,,,,,,
MODULATION_DATASET_minus_BASELINE_EC__coherence_Summary.csv,,Raw EEG Band-Limited Coherence Change,Alpha,,496,,,,,,,,,,0.4185382523397904,0.3590091379096987,-0.0595291144300917,-0.0501427783520051,0.121049150634864,0.5596017208242882
MODULATION_DATASET_minus_BASELINE_EC__coherence_Summary.csv,,Raw EEG Band-Limited Coherence Change,BetaH,,496,,,,,,,,,,0.3906866594180486,0.2501577504546666,-0.140528908963382,-0.1328029435837959,0.1530366614363771,0.4558268847968565
MODULATION_DATASET_minus_BASELINE_EC__coherence_Summary.csv,,Raw EEG Band-Limited Coherence Change,BetaL,,496,,,,,,,,,,0.4460311325681113,0.2791028198151151,-0.1669283127529961,-0.1707059655043098,0.1849217095111809,0.4833115450722291
MODULATION_DATASET_minus_BASELINE_EC__coherence_Summary.csv,,Raw EEG Band-Limited Coherence Change,Gamma,,496,,,,,,,,,,0.2632467195748682,0.1142843182713783,-0.1489624013034898,-0.1441578176549924,0.1497024080064314,0.3503419525689467
MODULATION_DATASET_minus_BASELINE_EC__coherence_Summary.csv,,Raw EEG Band-Limited Coherence Change,Theta,,496,,,,,,,,,,0.4642356742234206,0.2893127888226309,-0.1749228854007897,-0.1835652100548249,0.1853340675145225,0.4248501710268532
MODULATION_DATASET_minus_BASELINE_EC__plv_Summary.csv,,Raw EEG Phase-Locking Value Change,Alpha,,496,,,,,,,,,,0.5088748340399815,0.4464569037117781,-0.0624179303282033,-0.0700910468660609,0.1413573951700201,0.5917284782202861
MODULATION_DATASET_minus_BASELINE_EC__plv_Summary.csv,,Raw EEG Phase-Locking Value Change,BetaH,,496,,,,,,,,,,0.5029789930721594,0.3671526194983011,-0.1358263735738581,-0.1394399987758426,0.162486595221203,0.4835854865509516
MODULATION_DATASET_minus_BASELINE_EC__plv_Summary.csv,,Raw EEG Phase-Locking Value Change,BetaL,,496,,,,,,,,,,0.5316699721592447,0.3842373588206524,-0.1474326133385923,-0.1542089866443718,0.1781079958439763,0.4880042312244572
MODULATION_DATASET_minus_BASELINE_EC__plv_Summary.csv,,Raw EEG Phase-Locking Value Change,Gamma,,496,,,,,,,,,,0.4167411907184316,0.2579308108741698,-0.1588103798442617,-0.1535211994964433,0.1607795961840726,0.3797012972941971
MODULATION_DATASET_minus_BASELINE_EC__plv_Summary.csv,,Raw EEG Phase-Locking Value Change,Theta,,496,,,,,,,,,,0.5708677544854956,0.3915091712834687,-0.1793585832020269,-0.1865673314363255,0.193623705776145,0.4730845240996055
MODULATION_DATASET_minus_BASELINE_EC__POW_Alpha_Envelope_Coherence_Summary.csv,,Band-Power Envelope Coherence Change,Alpha,Fast,496,,,,,,,,,,0.2667422383576413,0.2032753548726214,-0.0634668834850199,-0.0437758217185447,0.1046691899723555,0.5433163462620667
MODULATION_DATASET_minus_BASELINE_EC__POW_Alpha_Envelope_Coherence_Summary.csv,,Band-Power Envelope Coherence Change,Alpha,Medium,496,,,,,,,,,,0.2666983888341079,0.2032789008935825,-0.0634194879405253,-0.0437662832352644,0.1045904479683121,0.5432689538463926
MODULATION_DATASET_minus_BASELINE_EC__POW_Alpha_Envelope_Coherence_Summary.csv,,Band-Power Envelope Coherence Change,Alpha,Slow,496,,,,,,,,,,0.2673591779849122,0.2042129179897046,-0.0631462599952076,-0.0452129701451817,0.1054451515089999,0.5446883339445157
MODULATION_DATASET_minus_BASELINE_EC__POW_Alpha_Envelope_Coherence_Summary.csv,,Band-Power Envelope Coherence Change,Alpha,UltraSlow,496,,,,,,,,,,0.2547034024283441,0.200799394260123,-0.0539040081682211,-0.0284516534522759,0.0897862056728716,0.5302108359046331
MODULATION_DATASET_minus_BASELINE_EC__POW_BetaH_Envelope_Coherence_Summary.csv,,Band-Power Envelope Coherence Change,BetaH,Fast,496,,,,,,,,,,0.2786234221821592,0.1536792854084666,-0.1249441367736925,-0.0919813133983597,0.1508004013214555,0.6776286593750193
MODULATION_DATASET_minus_BASELINE_EC__POW_BetaH_Envelope_Coherence_Summary.csv,,Band-Power Envelope Coherence Change,BetaH,Medium,496,,,,,,,,,,0.2786048701877537,0.153661598299392,-0.1249432718883616,-0.0920400597548945,0.150762137528929,0.6775803672460885
MODULATION_DATASET_minus_BASELINE_EC__POW_BetaH_Envelope_Coherence_Summary.csv,,Band-Power Envelope Coherence Change,BetaH,Slow,496,,,,,,,,,,0.2801809187819402,0.1543431706495716,-0.1258377481323685,-0.0926431166776923,0.1536067582394282,0.6828828830135475
MODULATION_DATASET_minus_BASELINE_EC__POW_BetaH_Envelope_Coherence_Summary.csv,,Band-Power Envelope Coherence Change,BetaH,UltraSlow,496,,,,,,,,,,0.2682674345164577,0.1476841589954725,-0.1205832755209851,-0.0889482335051751,0.1348470757970965,0.6481929460328227
MODULATION_DATASET_minus_BASELINE_EC__POW_BetaL_Envelope_Coherence_Summary.csv,,Band-Power Envelope Coherence Change,BetaL,Fast,496,,,,,,,,,,0.3166865510888473,0.1613119587804151,-0.1553745923084321,-0.1047909188490332,0.1615095502719313,0.6770337027194869
MODULATION_DATASET_minus_BASELINE_EC__POW_BetaL_Envelope_Coherence_Summary.csv,,Band-Power Envelope Coherence Change,BetaL,Medium,496,,,,,,,,,,0.3166910313229522,0.1613094195819354,-0.1553816117410168,-0.1048702085675728,0.1615108792025825,0.6769846541230857
MODULATION_DATASET_minus_BASELINE_EC__POW_BetaL_Envelope_Coherence_Summary.csv,,Band-Power Envelope Coherence Change,BetaL,Slow,496,,,,,,,,,,0.3181462427336508,0.1615841942635427,-0.1565620484701081,-0.1049919723650428,0.163222511373221,0.6824887406907898
MODULATION_DATASET_minus_BASELINE_EC__POW_BetaL_Envelope_Coherence_Summary.csv,,Band-Power Envelope Coherence Change,BetaL,UltraSlow,496,,,,,,,,,,0.3105799910767196,0.1592915015489906,-0.1512884895277289,-0.1085483022914561,0.1554827176792438,0.6462979942175892
MODULATION_DATASET_minus_BASELINE_EC__POW_Gamma_Envelope_Coherence_Summary.csv,,Band-Power Envelope Coherence Change,Gamma,Fast,496,,,,,,,,,,0.1213651063135101,0.098843845600363,-0.022521260713147,-0.0108473308108864,0.0739670365285052,0.4450514051935179
MODULATION_DATASET_minus_BASELINE_EC__POW_Gamma_Envelope_Coherence_Summary.csv,,Band-Power Envelope Coherence Change,Gamma,Medium,496,,,,,,,,,,0.1213553567363028,0.0988275479150334,-0.0225278088212694,-0.0108572233198594,0.0739457292676492,0.4450040295220769
MODULATION_DATASET_minus_BASELINE_EC__POW_Gamma_Envelope_Coherence_Summary.csv,,Band-Power Envelope Coherence Change,Gamma,Slow,496,,,,,,,,,,0.1217813448877328,0.1002249856258215,-0.0215563592619112,-0.0099797191487112,0.0755338961546056,0.4534805350327259
MODULATION_DATASET_minus_BASELINE_EC__POW_Gamma_Envelope_Coherence_Summary.csv,,Band-Power Envelope Coherence Change,Gamma,UltraSlow,496,,,,,,,,,,0.1168713604717452,0.09013241746238,-0.0267389430093652,-0.0110271990837615,0.0651460465416488,0.4210101471282558
MODULATION_DATASET_minus_BASELINE_EC__POW_Theta_Envelope_Coherence_Summary.csv,,Band-Power Envelope Coherence Change,Theta,Fast,496,,,,,,,,,,0.3659410322735433,0.1689480238771342,-0.1969930083964091,-0.2166937977056156,0.249502507882758,0.6449825683583188
MODULATION_DATASET_minus_BASELINE_EC__POW_Theta_Envelope_Coherence_Summary.csv,,Band-Power Envelope Coherence Change,Theta,Medium,496,,,,,,,,,,0.365921590215495,0.1689195278896515,-0.1970020623258434,-0.216654016478963,0.2494977956670147,0.6449463904171682
MODULATION_DATASET_minus_BASELINE_EC__POW_Theta_Envelope_Coherence_Summary.csv,,Band-Power Envelope Coherence Change,Theta,Slow,496,,,,,,,,,,0.3693003415202855,0.1682536459306161,-0.2010466955896694,-0.2238561913312376,0.2540153744376146,0.6487585926145096
MODULATION_DATASET_minus_BASELINE_EC__POW_Theta_Envelope_Coherence_Summary.csv,,Band-Power Envelope Coherence Change,Theta,UltraSlow,496,,,,,,,,,,0.3514137234348492,0.1671271011162741,-0.1842866223185751,-0.196533866666983,0.2322642686188538,0.6283281670360921
MODULATION_DATASET__POW_Alpha__Envelope_Coherence_Summary.csv,MODULATION_DATASET,Band-Power Envelope Coherence,Alpha,Fast,496,0.2032753548726214,0.1051366683080477,0.2347807279152401,0.0019927156908808,0.0153592175432721,0.0354051089819265,0.290037244866366,0.6122631176059627,0.9353603639996048,,,,,,
MODULATION_DATASET__POW_Alpha__Envelope_Coherence_Summary.csv,MODULATION_DATASET,Band-Power Envelope Coherence,Alpha,Medium,496,0.2032789008935825,0.1051064010748951,0.234803538200445,0.0019923918181836,0.0153720398677051,0.0354184015235398,0.2903781650673613,0.6122403211067688,0.9353614265222128,,,,,,
MODULATION_DATASET__POW_Alpha__Envelope_Coherence_Summary.csv,MODULATION_DATASET,Band-Power Envelope Coherence,Alpha,Slow,496,0.2042129179897046,0.1056527849525363,0.2352240050807032,0.0019994387040819,0.0159341631044549,0.0356151384911834,0.2923322634229297,0.6156692149547756,0.9360927698539532,,,,,,
MODULATION_DATASET__POW_Alpha__Envelope_Coherence_Summary.csv,MODULATION_DATASET,Band-Power Envelope Coherence,Alpha,UltraSlow,496,0.200799394260123,0.0949940251226536,0.2378307346144191,0.0020760222326636,0.0111171904747416,0.0271312276736266,0.2959712391218699,0.6068886776657303,0.9366810923708264,,,,,,
MODULATION_DATASET__POW_BetaH__Envelope_Coherence_Summary.csv,MODULATION_DATASET,Band-Power Envelope Coherence,BetaH,Fast,496,0.1536792854084666,0.0839460861193186,0.1805935538048007,0.0028594805487891,0.0083717489729143,0.0205980265970025,0.2231691297804043,0.40387159771881,0.8137858022025074,,,,,,
MODULATION_DATASET__POW_BetaH__Envelope_Coherence_Summary.csv,MODULATION_DATASET,Band-Power Envelope Coherence,BetaH,Medium,496,0.153661598299392,0.0839198001306473,0.1805954620257557,0.002860668725378,0.0083675493183868,0.0205986868180401,0.2230066838006566,0.4038463371419071,0.8137312710445948,,,,,,
MODULATION_DATASET__POW_BetaH__Envelope_Coherence_Summary.csv,MODULATION_DATASET,Band-Power Envelope Coherence,BetaH,Slow,496,0.1543431706495716,0.0854418575021961,0.1807250393861992,0.002861165259881,0.0084429893287104,0.0209358079162879,0.2229892324724154,0.4054421272779994,0.8157385741547871,,,,,,
MODULATION_DATASET__POW_BetaH__Envelope_Coherence_Summary.csv,MODULATION_DATASET,Band-Power Envelope Coherence,BetaH,UltraSlow,496,0.1476841589954725,0.0716184002665409,0.1814463923815218,0.0019433182965427,0.0070136602057447,0.0198493555562559,0.212667808151881,0.4137006203101349,0.8177732258729177,,,,,,
MODULATION_DATASET__POW_BetaL__Envelope_Coherence_Summary.csv,MODULATION_DATASET,Band-Power Envelope Coherence,BetaL,Fast,496,0.1613119587804151,0.078207507048502,0.2025840263010745,0.0022956179801406,0.0086054980557153,0.0226043097457459,0.2126760269575018,0.4667502195240205,0.9003461994071523,,,,,,
MODULATION_DATASET__POW_BetaL__Envelope_Coherence_Summary.csv,MODULATION_DATASET,Band-Power Envelope Coherence,BetaL,Medium,496,0.1613094195819354,0.0781556905959392,0.202584682963036,0.0022968385113992,0.008598066650874,0.0225976415309887,0.2127051887337415,0.4667390028542011,0.900334317944929,,,,,,
MODULATION_DATASET__POW_BetaL__Envelope_Coherence_Summary.csv,MODULATION_DATASET,Band-Power Envelope Coherence,BetaL,Slow,496,0.1615841942635427,0.0816855503990874,0.2024889154275004,0.0021812770846331,0.0088757048405546,0.0231241059013965,0.2144704912077242,0.4692746840418859,0.901004164155414,,,,,,
MODULATION_DATASET__POW_BetaL__Envelope_Coherence_Summary.csv,MODULATION_DATASET,Band-Power Envelope Coherence,BetaL,UltraSlow,496,0.1592915015489906,0.0630509864778225,0.2043625998415518,0.0023582748883218,0.0077386405238147,0.0193488010953066,0.2174990899515015,0.4751097176206136,0.8955428081850509,,,,,,
MODULATION_DATASET__POW_Envelope_Coherence_Summary.csv,MODULATION_DATASET,Band-Power Envelope Coherence,Alpha,Fast,496,0.2032753548726214,0.1051366683080477,0.2347807279152401,0.0019927156908808,0.0153592175432721,0.0354051089819265,0.290037244866366,0.6122631176059627,0.9353603639996048,,,,,,
MODULATION_DATASET__POW_Envelope_Coherence_Summary.csv,MODULATION_DATASET,Band-Power Envelope Coherence,Alpha,Medium,496,0.2032789008935825,0.1051064010748951,0.234803538200445,0.0019923918181836,0.0153720398677051,0.0354184015235398,0.2903781650673613,0.6122403211067688,0.9353614265222128,,,,,,
MODULATION_DATASET__POW_Envelope_Coherence_Summary.csv,MODULATION_DATASET,Band-Power Envelope Coherence,Alpha,Slow,496,0.2042129179897046,0.1056527849525363,0.2352240050807032,0.0019994387040819,0.0159341631044549,0.0356151384911834,0.2923322634229297,0.6156692149547756,0.9360927698539532,,,,,,
MODULATION_DATASET__POW_Envelope_Coherence_Summary.csv,MODULATION_DATASET,Band-Power Envelope Coherence,Alpha,UltraSlow,496,0.200799394260123,0.0949940251226536,0.2378307346144191,0.0020760222326636,0.0111171904747416,0.0271312276736266,0.2959712391218699,0.6068886776657303,0.9366810923708264,,,,,,
MODULATION_DATASET__POW_Envelope_Coherence_Summary.csv,MODULATION_DATASET,Band-Power Envelope Coherence,BetaH,Fast,496,0.1536792854084666,0.0839460861193186,0.1805935538048007,0.0028594805487891,0.0083717489729143,0.0205980265970025,0.2231691297804043,0.40387159771881,0.8137858022025074,,,,,,
MODULATION_DATASET__POW_Envelope_Coherence_Summary.csv,MODULATION_DATASET,Band-Power Envelope Coherence,BetaH,Medium,496,0.153661598299392,0.0839198001306473,0.1805954620257557,0.002860668725378,0.0083675493183868,0.0205986868180401,0.2230066838006566,0.4038463371419071,0.8137312710445948,,,,,,
MODULATION_DATASET__POW_Envelope_Coherence_Summary.csv,MODULATION_DATASET,Band-Power Envelope Coherence,BetaH,Slow,496,0.1543431706495716,0.0854418575021961,0.1807250393861992,0.002861165259881,0.0084429893287104,0.0209358079162879,0.2229892324724154,0.4054421272779994,0.8157385741547871,,,,,,
MODULATION_DATASET__POW_Envelope_Coherence_Summary.csv,MODULATION_DATASET,Band-Power Envelope Coherence,BetaH,UltraSlow,496,0.1476841589954725,0.0716184002665409,0.1814463923815218,0.0019433182965427,0.0070136602057447,0.0198493555562559,0.212667808151881,0.4137006203101349,0.8177732258729177,,,,,,
MODULATION_DATASET__POW_Envelope_Coherence_Summary.csv,MODULATION_DATASET,Band-Power Envelope Coherence,BetaL,Fast,496,0.1613119587804151,0.078207507048502,0.2025840263010745,0.0022956179801406,0.0086054980557153,0.0226043097457459,0.2126760269575018,0.4667502195240205,0.9003461994071523,,,,,,
MODULATION_DATASET__POW_Envelope_Coherence_Summary.csv,MODULATION_DATASET,Band-Power Envelope Coherence,BetaL,Medium,496,0.1613094195819354,0.0781556905959392,0.202584682963036,0.0022968385113992,0.008598066650874,0.0225976415309887,0.2127051887337415,0.4667390028542011,0.900334317944929,,,,,,
MODULATION_DATASET__POW_Envelope_Coherence_Summary.csv,MODULATION_DATASET,Band-Power Envelope Coherence,BetaL,Slow,496,0.1615841942635427,0.0816855503990874,0.2024889154275004,0.0021812770846331,0.0088757048405546,0.0231241059013965,0.2144704912077242,0.4692746840418859,0.901004164155414,,,,,,
MODULATION_DATASET__POW_Envelope_Coherence_Summary.csv,MODULATION_DATASET,Band-Power Envelope Coherence,BetaL,UltraSlow,496,0.1592915015489906,0.0630509864778225,0.2043625998415518,0.0023582748883218,0.0077386405238147,0.0193488010953066,0.2174990899515015,0.4751097176206136,0.8955428081850509,,,,,,
MODULATION_DATASET__POW_Envelope_Coherence_Summary.csv,MODULATION_DATASET,Band-Power Envelope Coherence,Gamma,Fast,496,0.098843845600363,0.0394614258935252,0.1285390975066935,0.0019132557051873,0.0069305521181353,0.014125083294917,0.1306486613181275,0.3015863265819286,0.730921073981089,,,,,,
MODULATION_DATASET__POW_Envelope_Coherence_Summary.csv,MODULATION_DATASET,Band-Power Envelope Coherence,Gamma,Medium,496,0.0988275479150334,0.0394586144520468,0.1285257660424327,0.0019152125205992,0.0069294176105896,0.0141266247845096,0.1306222656302806,0.3015776050703964,0.7309055679016037,,,,,,
MODULATION_DATASET__POW_Envelope_Coherence_Summary.csv,MODULATION_DATASET,Band-Power Envelope Coherence,Gamma,Slow,496,0.1002249856258215,0.0400596441953357,0.129666258171204,0.0020513634846914,0.0069777501759114,0.014437476175779,0.1332212301788591,0.304243997843279,0.7320760628475266,,,,,,
MODULATION_DATASET__POW_Envelope_Coherence_Summary.csv,MODULATION_DATASET,Band-Power Envelope Coherence,Gamma,UltraSlow,496,0.09013241746238,0.0353481928988981,0.122489671836538,0.0016336536957897,0.0060382351140499,0.0120350603789337,0.1144323478751058,0.2738848157037346,0.7214958538048477,,,,,,
MODULATION_DATASET__POW_Envelope_Coherence_Summary.csv,MODULATION_DATASET,Band-Power Envelope Coherence,Theta,Fast,496,0.1689480238771342,0.0814796526334115,0.1878660680734316,0.0016127407497674,0.0188088994105534,0.0412490600712658,0.2362380791790151,0.4427569420846117,0.8271847932105579,,,,,,
MODULATION_DATASET__POW_Envelope_Coherence_Summary.csv,MODULATION_DATASET,Band-Power Envelope Coherence,Theta,Medium,496,0.1689195278896515,0.0814391718096318,0.1878519298967759,0.0016118605736819,0.0188043049941174,0.0412411012631949,0.2362182903719666,0.4426521301387615,0.8271529889277178,,,,,,
MODULATION_DATASET__POW_Envelope_Coherence_Summary.csv,MODULATION_DATASET,Band-Power Envelope Coherence,Theta,Slow,496,0.1682536459306161,0.0817911487278746,0.1873123908781994,0.0016974423331629,0.0179389981984623,0.0401614100850887,0.232837481741949,0.4469548795461051,0.8283615299989068,,,,,,
MODULATION_DATASET__POW_Envelope_Coherence_Summary.csv,MODULATION_DATASET,Band-Power Envelope Coherence,Theta,UltraSlow,496,0.1671271011162741,0.0810842334411457,0.191501247388037,0.0010868559342332,0.0182525837491871,0.0375778479847092,0.2377677771334288,0.4306166503753149,0.8481665005447422,,,,,,
MODULATION_DATASET__POW_Gamma__Envelope_Coherence_Summary.csv,MODULATION_DATASET,Band-Power Envelope Coherence,Gamma,Fast,496,0.098843845600363,0.0394614258935252,0.1285390975066935,0.0019132557051873,0.0069305521181353,0.014125083294917,0.1306486613181275,0.3015863265819286,0.730921073981089,,,,,,
MODULATION_DATASET__POW_Gamma__Envelope_Coherence_Summary.csv,MODULATION_DATASET,Band-Power Envelope Coherence,Gamma,Medium,496,0.0988275479150334,0.0394586144520468,0.1285257660424327,0.0019152125205992,0.0069294176105896,0.0141266247845096,0.1306222656302806,0.3015776050703964,0.7309055679016037,,,,,,
MODULATION_DATASET__POW_Gamma__Envelope_Coherence_Summary.csv,MODULATION_DATASET,Band-Power Envelope Coherence,Gamma,Slow,496,0.1002249856258215,0.0400596441953357,0.129666258171204,0.0020513634846914,0.0069777501759114,0.014437476175779,0.1332212301788591,0.304243997843279,0.7320760628475266,,,,,,
MODULATION_DATASET__POW_Gamma__Envelope_Coherence_Summary.csv,MODULATION_DATASET,Band-Power Envelope Coherence,Gamma,UltraSlow,496,0.09013241746238,0.0353481928988981,0.122489671836538,0.0016336536957897,0.0060382351140499,0.0120350603789337,0.1144323478751058,0.2738848157037346,0.7214958538048477,,,,,,
MODULATION_DATASET__POW_Theta__Envelope_Coherence_Summary.csv,MODULATION_DATASET,Band-Power Envelope Coherence,Theta,Fast,496,0.1689480238771342,0.0814796526334115,0.1878660680734316,0.0016127407497674,0.0188088994105534,0.0412490600712658,0.2362380791790151,0.4427569420846117,0.8271847932105579,,,,,,
MODULATION_DATASET__POW_Theta__Envelope_Coherence_Summary.csv,MODULATION_DATASET,Band-Power Envelope Coherence,Theta,Medium,496,0.1689195278896515,0.0814391718096318,0.1878519298967759,0.0016118605736819,0.0188043049941174,0.0412411012631949,0.2362182903719666,0.4426521301387615,0.8271529889277178,,,,,,
MODULATION_DATASET__POW_Theta__Envelope_Coherence_Summary.csv,MODULATION_DATASET,Band-Power Envelope Coherence,Theta,Slow,496,0.1682536459306161,0.0817911487278746,0.1873123908781994,0.0016974423331629,0.0179389981984623,0.0401614100850887,0.232837481741949,0.4469548795461051,0.8283615299989068,,,,,,
MODULATION_DATASET__POW_Theta__Envelope_Coherence_Summary.csv,MODULATION_DATASET,Band-Power Envelope Coherence,Theta,UltraSlow,496,0.1671271011162741,0.0810842334411457,0.191501247388037,0.0010868559342332,0.0182525837491871,0.0375778479847092,0.2377677771334288,0.4306166503753149,0.8481665005447422,,,,,,
MODULATION_DATASET__RawEEG_Coherence_Summary.csv,MODULATION_DATASET,Raw EEG Band-Limited Coherence,Alpha,,496,0.3590091379096987,0.2746895137551916,0.2545383639276182,0.0069606173961188,0.0812597039376432,0.159245832070522,0.54590843381053,0.7729152604740721,0.9664376897425544,,,,,,
MODULATION_DATASET__RawEEG_Coherence_Summary.csv,MODULATION_DATASET,Raw EEG Band-Limited Coherence,BetaH,,496,0.2501577504546666,0.1763963385193557,0.2345058127995618,0.0030001230103323,0.0194254975975724,0.0490391331255195,0.3880317498219138,0.6269490748028157,0.8890928729299343,,,,,,
MODULATION_DATASET__RawEEG_Coherence_Summary.csv,MODULATION_DATASET,Raw EEG Band-Limited Coherence,BetaL,,496,0.2791028198151151,0.203025203761562,0.2578258485812282,0.0035039044865031,0.0171235741415552,0.0496303446279587,0.460780321062608,0.6948255683640376,0.931700549274356,,,,,,
MODULATION_DATASET__RawEEG_Coherence_Summary.csv,MODULATION_DATASET,Raw EEG Band-Limited Coherence,Gamma,,496,0.1142843182713783,0.0681890148317337,0.1192625178972411,0.0034968228959764,0.010443709611809,0.0226303593730697,0.1687119025224084,0.3015367719176999,0.6817278176363685,,,,,,
MODULATION_DATASET__RawEEG_Coherence_Summary.csv,MODULATION_DATASET,Raw EEG Band-Limited Coherence,Theta,,496,0.2893127888226309,0.2200927853638262,0.2510674878657239,0.0038179871945981,0.0214804087972504,0.0704234387146987,0.4608108849387834,0.658567064415023,0.9026975610672744,,,,,,
MODULATION_DATASET__RawEEG_PLV_Summary.csv,MODULATION_DATASET,Raw EEG Phase-Locking Value,Alpha,,496,0.4464569037117781,0.4245206388202088,0.2462224059275968,0.0229786863022983,0.1434832046509723,0.2225850953957084,0.6441935821826893,0.7999343834956039,0.964304932784684,,,,,,
MODULATION_DATASET__RawEEG_PLV_Summary.csv,MODULATION_DATASET,Raw EEG Phase-Locking Value,BetaH,,496,0.3671526194983011,0.3450359543093002,0.226956595139034,0.0092018909624008,0.0861843166320623,0.1736926267951488,0.5394519684629299,0.7039932000276969,0.8929125752227819,,,,,,
MODULATION_DATASET__RawEEG_PLV_Summary.csv,MODULATION_DATASET,Raw EEG Phase-Locking Value,BetaL,,496,0.3842373588206524,0.3640315245778944,0.2389375126689391,0.0163587182554378,0.0910473110959732,0.1729866464236674,0.5730733244365456,0.7361409194154773,0.9233619669058384,,,,,,
MODULATION_DATASET__RawEEG_PLV_Summary.csv,MODULATION_DATASET,Raw EEG Phase-Locking Value,Gamma,,496,0.2579308108741698,0.227160028260078,0.1652647939157683,0.011935827187786,0.06857921406824,0.1198055048275182,0.3659090013573201,0.5118165199427713,0.7598311809985664,,,,,,
MODULATION_DATASET__RawEEG_PLV_Summary.csv,MODULATION_DATASET,Raw EEG Phase-Locking Value,Theta,,496,0.3915091712834687,0.3743954258787585,0.2373613185540798,0.0090573887677534,0.0815359625751411,0.1915844818162829,0.5747194091279741,0.7262512501170555,0.9057985011533856,,,,,,
MODULATION_DATASET__RawEEG_Spectral_State_Dynamics_Summary.csv,MODULATION_DATASET,Raw EEG Band-Limited Coherence,Alpha,,496,0.3590091379096987,0.2746895137551916,0.2545383639276182,0.0069606173961188,0.0812597039376432,0.159245832070522,0.54590843381053,0.7729152604740721,0.9664376897425544,,,,,,
MODULATION_DATASET__RawEEG_Spectral_State_Dynamics_Summary.csv,MODULATION_DATASET,Raw EEG Band-Limited Coherence,BetaH,,496,0.2501577504546666,0.1763963385193557,0.2345058127995618,0.0030001230103323,0.0194254975975724,0.0490391331255195,0.3880317498219138,0.6269490748028157,0.8890928729299343,,,,,,
MODULATION_DATASET__RawEEG_Spectral_State_Dynamics_Summary.csv,MODULATION_DATASET,Raw EEG Band-Limited Coherence,BetaL,,496,0.2791028198151151,0.203025203761562,0.2578258485812282,0.0035039044865031,0.0171235741415552,0.0496303446279587,0.460780321062608,0.6948255683640376,0.931700549274356,,,,,,
MODULATION_DATASET__RawEEG_Spectral_State_Dynamics_Summary.csv,MODULATION_DATASET,Raw EEG Band-Limited Coherence,Gamma,,496,0.1142843182713783,0.0681890148317337,0.1192625178972411,0.0034968228959764,0.010443709611809,0.0226303593730697,0.1687119025224084,0.3015367719176999,0.6817278176363685,,,,,,
MODULATION_DATASET__RawEEG_Spectral_State_Dynamics_Summary.csv,MODULATION_DATASET,Raw EEG Band-Limited Coherence,Theta,,496,0.2893127888226309,0.2200927853638262,0.2510674878657239,0.0038179871945981,0.0214804087972504,0.0704234387146987,0.4608108849387834,0.658567064415023,0.9026975610672744,,,,,,
MODULATION_DATASET__RawEEG_Spectral_State_Dynamics_Summary.csv,MODULATION_DATASET,Raw EEG Phase-Locking Value,Alpha,,496,0.4464569037117781,0.4245206388202088,0.2462224059275968,0.0229786863022983,0.1434832046509723,0.2225850953957084,0.6441935821826893,0.7999343834956039,0.964304932784684,,,,,,
MODULATION_DATASET__RawEEG_Spectral_State_Dynamics_Summary.csv,MODULATION_DATASET,Raw EEG Phase-Locking Value,BetaH,,496,0.3671526194983011,0.3450359543093002,0.226956595139034,0.0092018909624008,0.0861843166320623,0.1736926267951488,0.5394519684629299,0.7039932000276969,0.8929125752227819,,,,,,
MODULATION_DATASET__RawEEG_Spectral_State_Dynamics_Summary.csv,MODULATION_DATASET,Raw EEG Phase-Locking Value,BetaL,,496,0.3842373588206524,0.3640315245778944,0.2389375126689391,0.0163587182554378,0.0910473110959732,0.1729866464236674,0.5730733244365456,0.7361409194154773,0.9233619669058384,,,,,,
MODULATION_DATASET__RawEEG_Spectral_State_Dynamics_Summary.csv,MODULATION_DATASET,Raw EEG Phase-Locking Value,Gamma,,496,0.2579308108741698,0.227160028260078,0.1652647939157683,0.011935827187786,0.06857921406824,0.1198055048275182,0.3659090013573201,0.5118165199427713,0.7598311809985664,,,,,,
MODULATION_DATASET__RawEEG_Spectral_State_Dynamics_Summary.csv,MODULATION_DATASET,Raw EEG Phase-Locking Value,Theta,,496,0.3915091712834687,0.3743954258787585,0.2373613185540798,0.0090573887677534,0.0815359625751411,0.1915844818162829,0.5747194091279741,0.7262512501170555,0.9057985011533856,,,,,,
