Track,Matched_Index,Progress_0_to_1,Baseline_Shannon_Entropy,Modulation_Shannon_Entropy,Delta_Shannon_Entropy_ModMinusBase,Baseline_Lempel_Ziv_Complexity,Modulation_Lempel_Ziv_Complexity,Delta_Lempel_Ziv_Complexity_ModMinusBase,Baseline_RegionalFlux_L2_per_s,Modulation_RegionalFlux_L2_per_s,Delta_RegionalFlux_L2_ModMinusBase,Matched_Progress_Min,Matched_Progress_Max,Baseline_Observed_Progress_Min,Baseline_Observed_Progress_Max,Modulation_Observed_Progress_Min,Modulation_Observed_Progress_Max,Baseline_Flux_Source,Modulation_Flux_Source,Direct_Window_Positions_Identical,Interpolation_Required
RAW_ChannelMedian_BaselineStandardisedFlux,0,0.0,0.91429982625,1.864562151,0.9502623247499999,0.154739244,0.23210886595,0.07736962195,0.8500158069897399,4.4120089697342095,3.5619931627444696,0.0,1.0,0.0,1.0,0.0,1.0,Script18_Regionalised_L2_BaselineStandardised,Script18_Regionalised_L2_BaselineStandardised,True,False
RAW_ChannelMedian_BaselineStandardisedFlux,1,0.005555555555555556,1.8366696705,1.46012326,-0.37654641050000004,0.3803460219,0.42457230355,0.04422628164999998,7.4464102677192585,5.159609994716472,-2.286800273002786,0.0,1.0,0.0,1.0,0.0,1.0,Script18_Regionalised_L2_BaselineStandardised,Script18_Regionalised_L2_BaselineStandardised,True,False
RAW_ChannelMedian_BaselineStandardisedFlux,2,0.011111111111111112,1.192640366,1.278225043,0.08558467699999994,0.163637242,0.2874708305,0.12383358850000001,1.1371512134942838,4.516249194745315,3.3790979812510313,0.0,1.0,0.0,1.0,0.0,1.0,Script18_Regionalised_L2_BaselineStandardised,Script18_Regionalised_L2_BaselineStandardised,True,False
RAW_ChannelMedian_BaselineStandardisedFlux,3,0.016666666666666666,1.3152853995,1.328690511,0.013405111500000011,0.4223609895,0.45331938660000004,0.030958397100000035,7.359433707496853,7.12124275530151,-0.23819095219534336,0.0,1.0,0.0,1.0,0.0,1.0,Script18_Regionalised_L2_BaselineStandardised,Script18_Regionalised_L2_BaselineStandardised,True,False
RAW_ChannelMedian_BaselineStandardisedFlux,4,0.022222222222222223,1.6096449745,1.300364195,-0.3092807795000001,0.3603213824,0.47748109565,0.11715971325000002,9.064217996785445,6.041393525198831,-3.0228244715866133,0.0,1.0,0.0,1.0,0.0,1.0,Script18_Regionalised_L2_BaselineStandardised,Script18_Regionalised_L2_BaselineStandardised,True,False
RAW_ChannelMedian_BaselineStandardisedFlux,5,0.02777777777777778,1.445768852,1.5258535459999998,0.08008469399999973,0.50860223865,0.33833105440000005,-0.17027118424999993,9.218372519401287,6.800598694096816,-2.4177738253044705,0.0,1.0,0.0,1.0,0.0,1.0,Script18_Regionalised_L2_BaselineStandardised,Script18_Regionalised_L2_BaselineStandardised,True,False
RAW_ChannelMedian_BaselineStandardisedFlux,6,0.03333333333333333,1.4231188129999999,1.0337128385,-0.3894059744999998,0.48206646965,0.4245723036,-0.05749416605000002,7.049307068777249,7.885689793210076,0.8363827244328261,0.0,1.0,0.0,1.0,0.0,1.0,Script18_Regionalised_L2_BaselineStandardised,Script18_Regionalised_L2_BaselineStandardised,True,False
RAW_ChannelMedian_BaselineStandardisedFlux,7,0.03888888888888889,1.370075762,1.643227942,0.2731521800000001,0.517447495,0.26314637565,-0.25430111935,6.854195146028841,4.793992212884901,-2.06020293314394,0.0,1.0,0.0,1.0,0.0,1.0,Script18_Regionalised_L2_BaselineStandardised,Script18_Regionalised_L2_BaselineStandardised,True,False
RAW_ChannelMedian_BaselineStandardisedFlux,8,0.044444444444444446,1.34646669,1.1681636775,-0.17830301250000002,0.5130248668,0.47543252739999997,-0.03759233940000006,8.205648497654767,4.878652413036297,-3.32699608461847,0.0,1.0,0.0,1.0,0.0,1.0,Script18_Regionalised_L2_BaselineStandardised,Script18_Regionalised_L2_BaselineStandardised,True,False
RAW_ChannelMedian_BaselineStandardisedFlux,9,0.05,1.984921731,2.1301657665000002,0.1452440355000002,0.43769100434999997,0.01326336377,-0.42442764058,8.744507241252037,0.796767848881055,-7.947739392370982,0.0,1.0,0.0,1.0,0.0,1.0,Script18_Regionalised_L2_BaselineStandardised,Script18_Regionalised_L2_BaselineStandardised,True,False
RAW_ChannelMedian_BaselineStandardisedFlux,10,0.05555555555555556,4.232528899499998,2.512637599999998,-1.7198912995000004,0.15700329975000005,0.12604490260000045,-0.030958397149999595,10.931932810399266,5.182019683081401,-5.749913127317865,0.0,1.0,0.0,1.0,0.0,1.0,Script18_Regionalised_L2_BaselineStandardised,Script18_Regionalised_L2_BaselineStandardised,True,False
RAW_ChannelMedian_BaselineStandardisedFlux,11,0.061111111111111116,2.6089523334999996,1.1638021975,-1.4451501359999996,0.2012295814000001,0.48648909785000005,0.2852595164499999,5.986278227368384,5.273497649016767,-0.7127805783516168,0.0,1.0,0.0,1.0,0.0,1.0,Script18_Regionalised_L2_BaselineStandardised,Script18_Regionalised_L2_BaselineStandardised,True,False
RAW_ChannelMedian_BaselineStandardisedFlux,12,0.06666666666666667,2.09339572,1.179622054,-0.9137736660000002,0.300738715,0.5130248667999999,0.21228615179999993,7.588525841008021,5.410520210862696,-2.178005630145325,0.0,1.0,0.0,1.0,0.0,1.0,Script18_Regionalised_L2_BaselineStandardised,Script18_Regionalised_L2_BaselineStandardised,True,False
RAW_ChannelMedian_BaselineStandardisedFlux,13,0.07222222222222223,2.0733736030000007,1.2570638195000003,-0.8163097835000004,0.47322121329999967,0.48427778374999986,0.011056570450000192,8.669971358571694,6.649421438013679,-2.0205499205580146,0.0,1.0,0.0,1.0,0.0,1.0,Script18_Regionalised_L2_BaselineStandardised,Script18_Regionalised_L2_BaselineStandardised,True,False
RAW_ChannelMedian_BaselineStandardisedFlux,14,0.07777777777777778,2.4155979524999998,1.4638594985,-0.9517384539999998,0.344847458,0.44874380755,0.10389634954999999,8.522422783668382,6.81206417535628,-1.7103586083121023,0.0,1.0,0.0,1.0,0.0,1.0,Script18_Regionalised_L2_BaselineStandardised,Script18_Regionalised_L2_BaselineStandardised,True,False
RAW_ChannelMedian_BaselineStandardisedFlux,15,0.08333333333333334,1.358631176000004,1.27458384,-0.08404733600000402,0.48870041189999974,0.49754566824999996,0.008845256350000219,8.466150430475835,5.659204682450456,-2.806945748025379,0.0,1.0,0.0,1.0,0.0,1.0,Script18_Regionalised_L2_BaselineStandardised,Script18_Regionalised_L2_BaselineStandardised,True,False
RAW_ChannelMedian_BaselineStandardisedFlux,16,0.08888888888888889,2.9964729119999998,1.276216978,-1.7202559339999999,0.3869799642,0.4798551556,0.0928751914,8.584580111019093,5.985329020110994,-2.5992510909080995,0.0,1.0,0.0,1.0,0.0,1.0,Script18_Regionalised_L2_BaselineStandardised,Script18_Regionalised_L2_BaselineStandardised,True,False
RAW_ChannelMedian_BaselineStandardisedFlux,17,0.09444444444444444,3.277105807,1.3161878375,-1.9609179694999999,0.1525806716,0.48427778374999997,0.33169711215,7.845724232101585,6.5338976523863375,-1.3118265797152473,0.0,1.0,0.0,1.0,0.0,1.0,Script18_Regionalised_L2_BaselineStandardised,Script18_Regionalised_L2_BaselineStandardised,True,False
RAW_ChannelMedian_BaselineStandardisedFlux,18,0.1,1.667922245,1.1676496845,-0.5002725605,0.42678361765,0.50417961045,0.07739599280000004,7.917459329395642,5.93764303724686,-1.979816292148782,0.0,1.0,0.0,1.0,0.0,1.0,Script18_Regionalised_L2_BaselineStandardised,Script18_Regionalised_L2_BaselineStandardised,True,False
RAW_ChannelMedian_BaselineStandardisedFlux,19,0.10555555555555556,1.4524563445,1.2418082655,-0.21064807900000004,0.4863233382,0.4951655807,0.008842242499999986,9.209915754710622,5.875603700465341,-3.334312054245281,0.0,1.0,0.0,1.0,0.0,1.0,Script18_Regionalised_L2_BaselineStandardised,Script18_Regionalised_L2_BaselineStandardised,True,False
RAW_ChannelMedian_BaselineStandardisedFlux,20,0.11111111111111112,1.4248439735000005,1.1382728220000002,-0.28657115150000023,0.4798551556,0.50639092455,0.026535768949999983,6.7470512788254675,5.41752875816107,-1.3295225206643977,0.0,1.0,0.0,1.0,0.0,1.0,Script18_Regionalised_L2_BaselineStandardised,Script18_Regionalised_L2_BaselineStandardised,True,False
RAW_ChannelMedian_BaselineStandardisedFlux,21,0.11666666666666667,1.6264386255,1.236227513,-0.39021111250000007,0.4864890978,0.490911726,0.0044226282000000006,12.014819106666135,6.046064882257117,-5.968754224409018,0.0,1.0,0.0,1.0,0.0,1.0,Script18_Regionalised_L2_BaselineStandardised,Script18_Regionalised_L2_BaselineStandardised,True,False
RAW_ChannelMedian_BaselineStandardisedFlux,22,0.12222222222222223,1.5674806469999998,1.4944019139999996,-0.07307873300000023,0.4864890978,0.43784018805000013,-0.04864890974999986,8.91674478317899,5.562139648795342,-3.3546051343836476,0.0,1.0,0.0,1.0,0.0,1.0,Script18_Regionalised_L2_BaselineStandardised,Script18_Regionalised_L2_BaselineStandardised,True,False
RAW_ChannelMedian_BaselineStandardisedFlux,23,0.1277777777777778,1.4451202260000005,1.301332559,-0.14378766700000045,0.48206646970000017,0.4754325274,-0.00663394230000014,6.423954541958057,7.372523095137562,0.9485685531795047,0.0,1.0,0.0,1.0,0.0,1.0,Script18_Regionalised_L2_BaselineStandardised,Script18_Regionalised_L2_BaselineStandardised,True,False
RAW_ChannelMedian_BaselineStandardisedFlux,24,0.13333333333333333,1.5197787485,1.308275918,-0.21150283049999996,0.5106395051,0.48411277755000004,-0.026526727549999962,8.004681362980376,6.5893897660132215,-1.4152915969671547,0.0,1.0,0.0,1.0,0.0,1.0,Script18_Regionalised_L2_BaselineStandardised,Script18_Regionalised_L2_BaselineStandardised,True,False
RAW_ChannelMedian_BaselineStandardisedFlux,25,0.1388888888888889,1.7508262375,1.3687133985,-0.38211283900000015,0.4511080725,0.4687985852,0.017690512699999994,11.625539532984241,6.661293313561886,-4.964246219422355,0.0,1.0,0.0,1.0,0.0,1.0,Script18_Regionalised_L2_BaselineStandardised,Script18_Regionalised_L2_BaselineStandardised,True,False
RAW_ChannelMedian_BaselineStandardisedFlux,26,0.14444444444444446,1.6782502964999986,1.2524827239999998,-0.42576757249999875,0.47322121330000017,0.48206646964999994,0.008845256349999775,9.554982469627628,6.5009592334885475,-3.0540232361390807,0.0,1.0,0.0,1.0,0.0,1.0,Script18_Regionalised_L2_BaselineStandardised,Script18_Regionalised_L2_BaselineStandardised,True,False
RAW_ChannelMedian_BaselineStandardisedFlux,27,0.15,1.4044539514999999,1.2199203505,-0.18453360099999983,0.5019682964000001,0.47322121335,-0.028747083050000066,8.226973470050938,4.689900651891135,-3.5370728181598032,0.0,1.0,0.0,1.0,0.0,1.0,Script18_Regionalised_L2_BaselineStandardised,Script18_Regionalised_L2_BaselineStandardised,True,False
RAW_ChannelMedian_BaselineStandardisedFlux,28,0.15555555555555556,1.4825350725000002,1.4764381014999999,-0.006096971000000284,0.4798551556,0.4555307007,-0.024324454900000014,7.402352147807115,6.123251347999369,-1.279100799807746,0.0,1.0,0.0,1.0,0.0,1.0,Script18_Regionalised_L2_BaselineStandardised,Script18_Regionalised_L2_BaselineStandardised,True,False
RAW_ChannelMedian_BaselineStandardisedFlux,29,0.16111111111111112,1.4923207829999998,1.2928488150000002,-0.19947196799999967,0.5019682964000001,0.4907444595,-0.011223836900000062,7.731065149527386,7.656940065185053,-0.07412508434233267,0.0,1.0,0.0,1.0,0.0,1.0,Script18_Regionalised_L2_BaselineStandardised,Script18_Regionalised_L2_BaselineStandardised,True,False
RAW_ChannelMedian_BaselineStandardisedFlux,30,0.16666666666666669,1.4016279280000004,1.2343081234999997,-0.1673198045000006,0.4951655807,0.4975456682500001,0.002380087550000076,8.061913072084835,6.464490951864839,-1.5974221202199956,0.0,1.0,0.0,1.0,0.0,1.0,Script18_Regionalised_L2_BaselineStandardised,Script18_Regionalised_L2_BaselineStandardised,True,False
RAW_ChannelMedian_BaselineStandardisedFlux,31,0.17222222222222222,1.487009135,1.2033502829999998,-0.2836588520000003,0.49312304004999996,0.5108135527,0.01769051264999999,6.661067772399489,6.271493807677006,-0.3895739647224836,0.0,1.0,0.0,1.0,0.0,1.0,Script18_Regionalised_L2_BaselineStandardised,Script18_Regionalised_L2_BaselineStandardised,True,False
RAW_ChannelMedian_BaselineStandardisedFlux,32,0.17777777777777778,1.5107184795,1.218260618,-0.29245786149999997,0.4864890978,0.4776438415,-0.008845256299999993,8.70056707956278,6.203521876015952,-2.497045203546829,0.0,1.0,0.0,1.0,0.0,1.0,Script18_Regionalised_L2_BaselineStandardised,Script18_Regionalised_L2_BaselineStandardised,True,False
RAW_ChannelMedian_BaselineStandardisedFlux,33,0.18333333333333335,1.3820721230000006,1.0544645825000005,-0.32760754050000007,0.51965880905,0.3272744840000008,-0.19238432504999914,9.441000087208447,5.460584852218386,-3.980415234990061,0.0,1.0,0.0,1.0,0.0,1.0,Script18_Regionalised_L2_BaselineStandardised,Script18_Regionalised_L2_BaselineStandardised,True,False
RAW_ChannelMedian_BaselineStandardisedFlux,34,0.18888888888888888,1.5195870575,1.12933907,-0.3902479875,0.5040078232,0.48853389885,-0.015473924350000057,8.758548617192861,4.737091565947035,-4.021457051245826,0.0,1.0,0.0,1.0,0.0,1.0,Script18_Regionalised_L2_BaselineStandardised,Script18_Regionalised_L2_BaselineStandardised,True,False
RAW_ChannelMedian_BaselineStandardisedFlux,35,0.19444444444444445,1.4874044285,1.4612392415,-0.026165187000000145,0.4665872711,0.4511080725,-0.015479198599999966,8.256950065011573,6.469827721326405,-1.7871223436851675,0.0,1.0,0.0,1.0,0.0,1.0,Script18_Regionalised_L2_BaselineStandardised,Script18_Regionalised_L2_BaselineStandardised,True,False
RAW_ChannelMedian_BaselineStandardisedFlux,36,0.2,1.692475626,1.4133659485,-0.27910967749999993,0.48427778374999997,0.47985515555,-0.004422628199999945,9.260218102398852,6.782798696815867,-2.4774194055829852,0.0,1.0,0.0,1.0,0.0,1.0,Script18_Regionalised_L2_BaselineStandardised,Script18_Regionalised_L2_BaselineStandardised,True,False
RAW_ChannelMedian_BaselineStandardisedFlux,37,0.20555555555555557,1.4865038094999996,1.2610291765000003,-0.22547463299999926,0.4665872711000002,0.47322121330000005,0.006633942199999854,7.731822051865989,5.41609698622655,-2.3157250656394393,0.0,1.0,0.0,1.0,0.0,1.0,Script18_Regionalised_L2_BaselineStandardised,Script18_Regionalised_L2_BaselineStandardised,True,False
RAW_ChannelMedian_BaselineStandardisedFlux,38,0.2111111111111111,1.3822320735,1.3320336445,-0.05019842899999993,0.5108135527,0.4887004119,-0.02211314079999993,7.029095994594433,5.965091014051618,-1.0640049805428156,0.0,1.0,0.0,1.0,0.0,1.0,Script18_Regionalised_L2_BaselineStandardised,Script18_Regionalised_L2_BaselineStandardised,True,False
RAW_ChannelMedian_BaselineStandardisedFlux,39,0.21666666666666667,1.5714183245,1.281776405,-0.28964191949999996,0.46642829254999996,0.51948174765,0.053053455100000035,8.466013340702638,6.742925067161837,-1.7230882735408013,0.0,1.0,0.0,1.0,0.0,1.0,Script18_Regionalised_L2_BaselineStandardised,Script18_Regionalised_L2_BaselineStandardised,True,False
RAW_ChannelMedian_BaselineStandardisedFlux,40,0.22222222222222224,1.6441507544999998,1.2000752550000002,-0.4440754994999996,0.4599533288500001,0.5019682964000001,0.04201496754999995,10.67199577411899,6.018647315002817,-4.653348459116173,0.0,1.0,0.0,1.0,0.0,1.0,Script18_Regionalised_L2_BaselineStandardised,Script18_Regionalised_L2_BaselineStandardised,True,False
RAW_ChannelMedian_BaselineStandardisedFlux,41,0.22777777777777777,1.617170636,1.261201115,-0.355969521,0.4776438415,0.4997569823,0.022113140799999986,8.331689205082688,7.046571069063084,-1.2851181360196033,0.0,1.0,0.0,1.0,0.0,1.0,Script18_Regionalised_L2_BaselineStandardised,Script18_Regionalised_L2_BaselineStandardised,True,False
RAW_ChannelMedian_BaselineStandardisedFlux,42,0.23333333333333334,1.453452692,1.2172098400000002,-0.23624285199999973,0.4798551556,0.4732212133,-0.006633942300000029,7.077516334753785,5.224494327003017,-1.8530220077507682,0.0,1.0,0.0,1.0,0.0,1.0,Script18_Regionalised_L2_BaselineStandardised,Script18_Regionalised_L2_BaselineStandardised,True,False
RAW_ChannelMedian_BaselineStandardisedFlux,43,0.2388888888888889,1.3717515395,1.320769144,-0.050982395499999944,0.5041796105,0.48427778374999997,-0.019901826750000073,8.39261779444811,7.225932332000674,-1.166685462447436,0.0,1.0,0.0,1.0,0.0,1.0,Script18_Regionalised_L2_BaselineStandardised,Script18_Regionalised_L2_BaselineStandardised,True,False
RAW_ChannelMedian_BaselineStandardisedFlux,44,0.24444444444444446,1.5115709354999995,1.2595838834999997,-0.2519870519999998,0.47543252740000014,0.49295502010000003,0.017522492699999892,7.579098666501842,6.551430489944234,-1.027668176557608,0.0,1.0,0.0,1.0,0.0,1.0,Script18_Regionalised_L2_BaselineStandardised,Script18_Regionalised_L2_BaselineStandardised,True,False
RAW_ChannelMedian_BaselineStandardisedFlux,45,0.25,1.4292946035,1.2297468345,-0.19954776900000004,0.5128500657,0.4887004119,-0.024149653800000004,7.893393256507348,5.850809031489258,-2.04258422501809,0.0,1.0,0.0,1.0,0.0,1.0,Script18_Regionalised_L2_BaselineStandardised,Script18_Regionalised_L2_BaselineStandardised,True,False
RAW_ChannelMedian_BaselineStandardisedFlux,46,0.2555555555555556,1.5980867175000002,1.2087450035,-0.38934171400000017,0.4665872710999999,0.4975456682500002,0.03095839715000026,10.18524217926677,5.480932262112288,-4.7043099171544815,0.0,1.0,0.0,1.0,0.0,1.0,Script18_Regionalised_L2_BaselineStandardised,Script18_Regionalised_L2_BaselineStandardised,True,False
RAW_ChannelMedian_BaselineStandardisedFlux,47,0.2611111111111111,1.628129502,1.2364515269999998,-0.3916779750000001,0.46216464295000004,0.5130248668,0.05086022385,9.895498172281428,6.846986019504646,-3.048512152776782,0.0,1.0,0.0,1.0,0.0,1.0,Script18_Regionalised_L2_BaselineStandardised,Script18_Regionalised_L2_BaselineStandardised,True,False
RAW_ChannelMedian_BaselineStandardisedFlux,48,0.26666666666666666,1.5116449065,1.257558983,-0.2540859234999999,0.48427778374999997,0.47100989925000003,-0.013267884499999938,8.43304489855059,6.03112437291831,-2.4019205256322795,0.0,1.0,0.0,1.0,0.0,1.0,Script18_Regionalised_L2_BaselineStandardised,Script18_Regionalised_L2_BaselineStandardised,True,False
RAW_ChannelMedian_BaselineStandardisedFlux,49,0.27222222222222225,1.3999242500000006,1.241915509000001,-0.15800874099999973,0.5062183838500002,0.37137418550000106,-0.1348441983499991,8.467295750943954,4.849586241136654,-3.6177095098073,0.0,1.0,0.0,1.0,0.0,1.0,Script18_Regionalised_L2_BaselineStandardised,Script18_Regionalised_L2_BaselineStandardised,True,False
RAW_ChannelMedian_BaselineStandardisedFlux,50,0.2777777777777778,1.4581456039999998,1.3317172605,-0.12642834349999976,0.5130248668,0.47543252739999997,-0.03759233940000006,9.53489186839859,5.592403704289109,-3.9424881641094816,0.0,1.0,0.0,1.0,0.0,1.0,Script18_Regionalised_L2_BaselineStandardised,Script18_Regionalised_L2_BaselineStandardised,True,False
RAW_ChannelMedian_BaselineStandardisedFlux,51,0.2833333333333333,1.467426737,1.3034806205,-0.16394611650000002,0.4820664697,0.4864890978,0.004422628099999992,8.886539231148056,6.1660767538958545,-2.7204624772522017,0.0,1.0,0.0,1.0,0.0,1.0,Script18_Regionalised_L2_BaselineStandardised,Script18_Regionalised_L2_BaselineStandardised,True,False
RAW_ChannelMedian_BaselineStandardisedFlux,52,0.2888888888888889,1.2935676124999995,1.331613916999999,0.03804630449999946,0.4997569823000001,0.48427778375,-0.015479198550000073,7.626420263913108,7.2993436081722,-0.3270766557409077,0.0,1.0,0.0,1.0,0.0,1.0,Script18_Regionalised_L2_BaselineStandardised,Script18_Regionalised_L2_BaselineStandardised,True,False
RAW_ChannelMedian_BaselineStandardisedFlux,53,0.29444444444444445,1.244528782,1.2507768504999999,0.006248068499999926,0.5130248668,0.490911726,-0.022113140800000042,8.128036450127523,6.973012480167028,-1.155023969960495,0.0,1.0,0.0,1.0,0.0,1.0,Script18_Regionalised_L2_BaselineStandardised,Script18_Regionalised_L2_BaselineStandardised,True,False
RAW_ChannelMedian_BaselineStandardisedFlux,54,0.3,1.241882871,1.2733598874999998,0.03147701649999979,0.517271187,0.4819022169,-0.03536897009999995,6.1360652753499885,6.453693052911321,0.31762777756133254,0.0,1.0,0.0,1.0,0.0,1.0,Script18_Regionalised_L2_BaselineStandardised,Script18_Regionalised_L2_BaselineStandardised,True,False
RAW_ChannelMedian_BaselineStandardisedFlux,55,0.3055555555555556,1.483621057,1.301416496,-0.18220456099999982,0.47100989925000003,0.4732212133,0.0022113140499999684,11.631943569612513,6.070362639788442,-5.561580929824071,0.0,1.0,0.0,1.0,0.0,1.0,Script18_Regionalised_L2_BaselineStandardised,Script18_Regionalised_L2_BaselineStandardised,True,False
RAW_ChannelMedian_BaselineStandardisedFlux,56,0.3111111111111111,1.3365175935,1.4502248359999999,0.11370724249999986,0.4997569823,0.45995332885,-0.039803653449999976,8.627766030768603,7.175515979941768,-1.4522500508268354,0.0,1.0,0.0,1.0,0.0,1.0,Script18_Regionalised_L2_BaselineStandardised,Script18_Regionalised_L2_BaselineStandardised,True,False
RAW_ChannelMedian_BaselineStandardisedFlux,57,0.31666666666666665,1.4455721385,1.3126581485,-0.13291399000000004,0.49312304009999997,0.4665872711,-0.026535768999999987,8.945071415216677,5.495092653538983,-3.449978761677695,0.0,1.0,0.0,1.0,0.0,1.0,Script18_Regionalised_L2_BaselineStandardised,Script18_Regionalised_L2_BaselineStandardised,True,False
RAW_ChannelMedian_BaselineStandardisedFlux,58,0.32222222222222224,1.3931327195,1.196458689,-0.1966740305000001,0.47100989925000003,0.49754566825,0.026535768999999987,5.514816241680505,5.349609603845645,-0.16520663783486,0.0,1.0,0.0,1.0,0.0,1.0,Script18_Regionalised_L2_BaselineStandardised,Script18_Regionalised_L2_BaselineStandardised,True,False
RAW_ChannelMedian_BaselineStandardisedFlux,59,0.3277777777777778,1.4507386594999998,1.1830924615,-0.2676461979999998,0.4907444595,0.5017972626,0.011052803100000008,9.114657383893178,5.9058253087373345,-3.2088320751558435,0.0,1.0,0.0,1.0,0.0,1.0,Script18_Regionalised_L2_BaselineStandardised,Script18_Regionalised_L2_BaselineStandardised,True,False
RAW_ChannelMedian_BaselineStandardisedFlux,60,0.33333333333333337,1.4046261365000032,1.127728215000001,-0.27689792150000225,0.49091172599999977,0.5196588090499996,0.028747083049999844,6.836316975578816,5.484052980545152,-1.3522639950336641,0.0,1.0,0.0,1.0,0.0,1.0,Script18_Regionalised_L2_BaselineStandardised,Script18_Regionalised_L2_BaselineStandardised,True,False
RAW_ChannelMedian_BaselineStandardisedFlux,61,0.3388888888888889,1.7187443815,1.2490993325000002,-0.4696450489999999,0.46879858515,0.47322121335,0.0044226282000000006,13.61806697859809,5.573505611194732,-8.044561367403357,0.0,1.0,0.0,1.0,0.0,1.0,Script18_Regionalised_L2_BaselineStandardised,Script18_Regionalised_L2_BaselineStandardised,True,False
RAW_ChannelMedian_BaselineStandardisedFlux,62,0.34444444444444444,1.633095024,1.4137907570000001,-0.21930426699999983,0.47100989925000003,0.4776438415,0.006633942249999969,10.612664486593935,7.141175849814035,-3.4714886367799007,0.0,1.0,0.0,1.0,0.0,1.0,Script18_Regionalised_L2_BaselineStandardised,Script18_Regionalised_L2_BaselineStandardised,True,False
RAW_ChannelMedian_BaselineStandardisedFlux,63,0.35000000000000003,1.3635098355000017,1.2668609659999999,-0.09664886950000184,0.4776438414999999,0.5041796104999998,0.02653576899999993,7.441943376755928,7.161874266902358,-0.2800691098535699,0.0,1.0,0.0,1.0,0.0,1.0,Script18_Regionalised_L2_BaselineStandardised,Script18_Regionalised_L2_BaselineStandardised,True,False
RAW_ChannelMedian_BaselineStandardisedFlux,64,0.35555555555555557,1.545808208,1.2637393005,-0.2820689075,0.4686388532,0.48190221695,0.013263363750000035,10.265136124209345,5.849595865342913,-4.415540258866432,0.0,1.0,0.0,1.0,0.0,1.0,Script18_Regionalised_L2_BaselineStandardised,Script18_Regionalised_L2_BaselineStandardised,True,False
RAW_ChannelMedian_BaselineStandardisedFlux,65,0.3611111111111111,1.612190376,1.303143646,-0.30904672999999994,0.4599533289,0.4864890978,0.02653576889999998,9.105603001485424,6.137560842630407,-2.9680421588550168,0.0,1.0,0.0,1.0,0.0,1.0,Script18_Regionalised_L2_BaselineStandardised,Script18_Regionalised_L2_BaselineStandardised,True,False
RAW_ChannelMedian_BaselineStandardisedFlux,66,0.3666666666666667,1.5815046329999978,1.1532457310000013,-0.4282589019999965,0.4599533289000005,0.5196588090499998,0.059705480149999324,9.20521442925498,6.985537753938239,-2.219676675316741,0.0,1.0,0.0,1.0,0.0,1.0,Script18_Regionalised_L2_BaselineStandardised,Script18_Regionalised_L2_BaselineStandardised,True,False
RAW_ChannelMedian_BaselineStandardisedFlux,67,0.37222222222222223,1.368738822,1.2703384865,-0.09840033550000005,0.5108135527,0.5019682964000001,-0.008845256299999882,7.502574307588851,7.1577854403281105,-0.34478886726074087,0.0,1.0,0.0,1.0,0.0,1.0,Script18_Regionalised_L2_BaselineStandardised,Script18_Regionalised_L2_BaselineStandardised,True,False
RAW_ChannelMedian_BaselineStandardisedFlux,68,0.37777777777777777,1.5888837865,1.3397910105,-0.24909277600000013,0.4820664697,0.48427778374999997,0.0022113140499999684,10.503722652976768,7.078727209178732,-3.4249954437980357,0.0,1.0,0.0,1.0,0.0,1.0,Script18_Regionalised_L2_BaselineStandardised,Script18_Regionalised_L2_BaselineStandardised,True,False
RAW_ChannelMedian_BaselineStandardisedFlux,69,0.38333333333333336,1.5326333965,1.3307925914999998,-0.20184080500000023,0.4864890978,0.4686388532,-0.01785024460000001,10.288606514162286,7.2071780477499665,-3.0814284664123193,0.0,1.0,0.0,1.0,0.0,1.0,Script18_Regionalised_L2_BaselineStandardised,Script18_Regionalised_L2_BaselineStandardised,True,False
RAW_ChannelMedian_BaselineStandardisedFlux,70,0.3888888888888889,1.5308674505,1.420694881,-0.11017256949999998,0.4642177319,0.4776438415,0.013426109600000014,9.102528756145954,7.152837721266241,-1.949691034879713,0.0,1.0,0.0,1.0,0.0,1.0,Script18_Regionalised_L2_BaselineStandardised,Script18_Regionalised_L2_BaselineStandardised,True,False
RAW_ChannelMedian_BaselineStandardisedFlux,71,0.3944444444444445,1.7470323599999977,1.2808566155,-0.46617574449999766,0.4643759570000001,0.4820664697000001,0.017690512699999994,9.997202688388588,7.350412732059949,-2.6467899563286394,0.0,1.0,0.0,1.0,0.0,1.0,Script18_Regionalised_L2_BaselineStandardised,Script18_Regionalised_L2_BaselineStandardised,True,False
RAW_ChannelMedian_BaselineStandardisedFlux,72,0.4,1.5351807415,1.2850828955,-0.25009784600000007,0.47322121335,0.4953343542,0.02211314084999999,8.40225329295712,5.903747810193579,-2.498505482763541,0.0,1.0,0.0,1.0,0.0,1.0,Script18_Regionalised_L2_BaselineStandardised,Script18_Regionalised_L2_BaselineStandardised,True,False
RAW_ChannelMedian_BaselineStandardisedFlux,73,0.40555555555555556,1.3634620530000001,1.2344976019999998,-0.1289644510000003,0.5086022386,0.42678361765,-0.08181862094999998,7.121087251769027,5.306794173243745,-1.8142930785252824,0.0,1.0,0.0,1.0,0.0,1.0,Script18_Regionalised_L2_BaselineStandardised,Script18_Regionalised_L2_BaselineStandardised,True,False
RAW_ChannelMedian_BaselineStandardisedFlux,74,0.41111111111111115,1.370503186,1.3395831354999992,-0.030920050500000906,0.4863233382000001,0.48853389885000004,0.0022105606499999153,9.22764765048375,7.099223360410468,-2.1284242900732817,0.0,1.0,0.0,1.0,0.0,1.0,Script18_Regionalised_L2_BaselineStandardised,Script18_Regionalised_L2_BaselineStandardised,True,False
RAW_ChannelMedian_BaselineStandardisedFlux,75,0.4166666666666667,1.3790817425,1.2645254905,-0.11455625199999986,0.49754566825,0.49533435415,-0.002211314100000028,7.866286690119686,6.4160783229879375,-1.450208367131749,0.0,1.0,0.0,1.0,0.0,1.0,Script18_Regionalised_L2_BaselineStandardised,Script18_Regionalised_L2_BaselineStandardised,True,False
RAW_ChannelMedian_BaselineStandardisedFlux,76,0.4222222222222222,1.37240567,1.294293806,-0.07811186400000003,0.50639092455,0.4997569823,-0.0066339422500000245,8.473808994805063,7.542146161779737,-0.9316628330253263,0.0,1.0,0.0,1.0,0.0,1.0,Script18_Regionalised_L2_BaselineStandardised,Script18_Regionalised_L2_BaselineStandardised,True,False
RAW_ChannelMedian_BaselineStandardisedFlux,77,0.4277777777777778,1.868607393499999,1.3742215964999998,-0.4943857969999992,0.4378401880000002,0.5063909245499998,0.0685507365499996,9.75965001880603,7.0251408384181895,-2.73450918038784,0.0,1.0,0.0,1.0,0.0,1.0,Script18_Regionalised_L2_BaselineStandardised,Script18_Regionalised_L2_BaselineStandardised,True,False
RAW_ChannelMedian_BaselineStandardisedFlux,78,0.43333333333333335,1.7612354685,1.3449291044999998,-0.4163063640000002,0.4555307007,0.48853389885,0.03300319814999997,11.059895470858631,6.82415103337784,-4.2357444374807915,0.0,1.0,0.0,1.0,0.0,1.0,Script18_Regionalised_L2_BaselineStandardised,Script18_Regionalised_L2_BaselineStandardised,True,False
RAW_ChannelMedian_BaselineStandardisedFlux,79,0.4388888888888889,1.2903090035,1.3349962125000001,0.04468720900000012,0.4887004119,0.4953343542,0.006633942299999973,7.292042692113366,6.947490768241458,-0.3445519238719079,0.0,1.0,0.0,1.0,0.0,1.0,Script18_Regionalised_L2_BaselineStandardised,Script18_Regionalised_L2_BaselineStandardised,True,False
RAW_ChannelMedian_BaselineStandardisedFlux,80,0.4444444444444445,1.5028729850000009,1.421775556,-0.08109742900000083,0.47305997440000025,0.4732212133499998,0.00016123894999953148,8.180159250478402,8.45165133911681,0.2714920886384071,0.0,1.0,0.0,1.0,0.0,1.0,Script18_Regionalised_L2_BaselineStandardised,Script18_Regionalised_L2_BaselineStandardised,True,False
RAW_ChannelMedian_BaselineStandardisedFlux,81,0.45,1.58389452,1.4251652575,-0.15872926250000008,0.49533435415,0.45331938660000004,-0.04201496754999995,9.931871967720685,7.408184804575284,-2.523687163145401,0.0,1.0,0.0,1.0,0.0,1.0,Script18_Regionalised_L2_BaselineStandardised,Script18_Regionalised_L2_BaselineStandardised,True,False
RAW_ChannelMedian_BaselineStandardisedFlux,82,0.45555555555555555,1.61229835,1.2445915155,-0.3677068345000001,0.48648909785,0.49754566825,0.011056570400000021,11.530792637984433,6.130970679372461,-5.399821958611972,0.0,1.0,0.0,1.0,0.0,1.0,Script18_Regionalised_L2_BaselineStandardised,Script18_Regionalised_L2_BaselineStandardised,True,False
RAW_ChannelMedian_BaselineStandardisedFlux,83,0.46111111111111114,1.7587434355,1.3424804725000001,-0.4162629629999999,0.4555307007,0.4798551556,0.024324454900000014,10.871547187869076,6.166740116198031,-4.704807071671046,0.0,1.0,0.0,1.0,0.0,1.0,Script18_Regionalised_L2_BaselineStandardised,Script18_Regionalised_L2_BaselineStandardised,True,False
RAW_ChannelMedian_BaselineStandardisedFlux,84,0.4666666666666667,1.5431321605,1.2958761905,-0.24725596999999988,0.4776438415,0.5017972626,0.024153421100000017,9.906276087648521,5.958272570441086,-3.948003517207435,0.0,1.0,0.0,1.0,0.0,1.0,Script18_Regionalised_L2_BaselineStandardised,Script18_Regionalised_L2_BaselineStandardised,True,False
RAW_ChannelMedian_BaselineStandardisedFlux,85,0.47222222222222227,1.5355154394999992,2.524578238999992,0.9890627994999925,0.4708494138000002,0.3405423685000009,-0.1303070452999993,8.47419422095721,6.900815208053929,-1.5733790129032812,0.0,1.0,0.0,1.0,0.0,1.0,Script18_Regionalised_L2_BaselineStandardised,Script18_Regionalised_L2_BaselineStandardised,True,False
RAW_ChannelMedian_BaselineStandardisedFlux,86,0.4777777777777778,1.45271412,1.660239823,0.20752570299999995,0.49312304004999996,0.4289949317,-0.06412810834999993,7.6320777769746355,6.830015164785432,-0.8020626121892036,0.0,1.0,0.0,1.0,0.0,1.0,Script18_Regionalised_L2_BaselineStandardised,Script18_Regionalised_L2_BaselineStandardised,True,False
RAW_ChannelMedian_BaselineStandardisedFlux,87,0.48333333333333334,1.714799203,1.3725328735,-0.34226632950000013,0.4555307007,0.49754566825,0.042014967550000004,10.919290048676114,6.434533518319476,-4.484756530356638,0.0,1.0,0.0,1.0,0.0,1.0,Script18_Regionalised_L2_BaselineStandardised,Script18_Regionalised_L2_BaselineStandardised,True,False
RAW_ChannelMedian_BaselineStandardisedFlux,88,0.48888888888888893,1.5940892909999995,1.292193530499999,-0.30189576050000055,0.4975456682499998,0.5108135527000001,0.013267884450000267,10.500190822853222,6.078966436482335,-4.421224386370887,0.0,1.0,0.0,1.0,0.0,1.0,Script18_Regionalised_L2_BaselineStandardised,Script18_Regionalised_L2_BaselineStandardised,True,False
RAW_ChannelMedian_BaselineStandardisedFlux,89,0.49444444444444446,1.544181293,1.1861063325,-0.3580749605,0.47543252739999997,0.52169230825,0.04625978085000004,10.497498179020887,5.831679451152027,-4.66581872786886,0.0,1.0,0.0,1.0,0.0,1.0,Script18_Regionalised_L2_BaselineStandardised,Script18_Regionalised_L2_BaselineStandardised,True,False
RAW_ChannelMedian_BaselineStandardisedFlux,90,0.5,1.4583137169999998,1.2044627504999998,-0.25385096649999994,0.4796916563,0.517447495,0.03775583869999999,7.860054661197911,5.815153748475779,-2.0449009127221327,0.0,1.0,0.0,1.0,0.0,1.0,Script18_Regionalised_L2_BaselineStandardised,Script18_Regionalised_L2_BaselineStandardised,True,False
RAW_ChannelMedian_BaselineStandardisedFlux,91,0.5055555555555555,1.6020560485000002,1.2971333615,-0.30492268700000014,0.47543252739999997,0.490911726,0.015479198600000021,9.385166911419063,6.969781822693795,-2.4153850887252677,0.0,1.0,0.0,1.0,0.0,1.0,Script18_Regionalised_L2_BaselineStandardised,Script18_Regionalised_L2_BaselineStandardised,True,False
RAW_ChannelMedian_BaselineStandardisedFlux,92,0.5111111111111112,1.27110446000001,1.3222706140000013,0.05116615399999125,0.5086022385999988,0.5196588090499993,0.011056570450000525,8.67244564824438,8.243328165195635,-0.42911748304874564,0.0,1.0,0.0,1.0,0.0,1.0,Script18_Regionalised_L2_BaselineStandardised,Script18_Regionalised_L2_BaselineStandardised,True,False
RAW_ChannelMedian_BaselineStandardisedFlux,93,0.5166666666666667,1.7745097369999998,1.386641385,-0.3878683519999999,0.44668544435,0.4798551556,0.03316971125000001,9.997831853254787,7.135927320272754,-2.8619045329820336,0.0,1.0,0.0,1.0,0.0,1.0,Script18_Regionalised_L2_BaselineStandardised,Script18_Regionalised_L2_BaselineStandardised,True,False
RAW_ChannelMedian_BaselineStandardisedFlux,94,0.5222222222222223,1.5875643265,1.3703592690000002,-0.21720505749999974,0.4776438415,0.48853389885,0.010890057349999982,12.056462742767817,8.721411548089394,-3.3350511946784227,0.0,1.0,0.0,1.0,0.0,1.0,Script18_Regionalised_L2_BaselineStandardised,Script18_Regionalised_L2_BaselineStandardised,True,False
RAW_ChannelMedian_BaselineStandardisedFlux,95,0.5277777777777778,1.5163435045,1.4133630895,-0.10298041499999999,0.3713741855,0.4798551556,0.10848097010000002,8.389514677940566,6.808668668035914,-1.5808460099046524,0.0,1.0,0.0,1.0,0.0,1.0,Script18_Regionalised_L2_BaselineStandardised,Script18_Regionalised_L2_BaselineStandardised,True,False
RAW_ChannelMedian_BaselineStandardisedFlux,96,0.5333333333333333,1.5919872984999999,1.3717964935000002,-0.22019080499999966,0.4687985852,0.4776438415,0.008845256299999993,10.050276886444696,8.273815661794183,-1.7764612246505127,0.0,1.0,0.0,1.0,0.0,1.0,Script18_Regionalised_L2_BaselineStandardised,Script18_Regionalised_L2_BaselineStandardised,True,False
RAW_ChannelMedian_BaselineStandardisedFlux,97,0.5388888888888889,1.461502759,1.307412914,-0.15408984500000011,0.4887004119,0.4997569823,0.011056570399999965,7.639528021195398,8.525834601163501,0.8863065799681031,0.0,1.0,0.0,1.0,0.0,1.0,Script18_Regionalised_L2_BaselineStandardised,Script18_Regionalised_L2_BaselineStandardised,True,False
RAW_ChannelMedian_BaselineStandardisedFlux,98,0.5444444444444445,1.4081106680000013,1.3605199049999996,-0.047590763000001646,0.48648909784999966,0.4798551556000001,-0.00663394224999958,8.470390190539318,8.476188992526987,0.005798801987669577,0.0,1.0,0.0,1.0,0.0,1.0,Script18_Regionalised_L2_BaselineStandardised,Script18_Regionalised_L2_BaselineStandardised,True,False
RAW_ChannelMedian_BaselineStandardisedFlux,99,0.55,1.4708818424999999,1.353302609,-0.11757923349999988,0.47100989925000003,0.4819022169,0.010892317649999983,7.405857239753384,7.297811890937274,-0.10804534881611083,0.0,1.0,0.0,1.0,0.0,1.0,Script18_Regionalised_L2_BaselineStandardised,Script18_Regionalised_L2_BaselineStandardised,True,False
RAW_ChannelMedian_BaselineStandardisedFlux,100,0.5555555555555556,1.8216696775,1.4219766555,-0.3996930220000001,0.439901565,0.49312304009999997,0.05322147509999997,12.416761390032228,8.117462380009218,-4.2992990100230095,0.0,1.0,0.0,1.0,0.0,1.0,Script18_Regionalised_L2_BaselineStandardised,Script18_Regionalised_L2_BaselineStandardised,True,False
RAW_ChannelMedian_BaselineStandardisedFlux,101,0.5611111111111111,1.4108485819999999,1.674495485,0.26364690300000015,0.4776438415,0.4422628162,-0.03538102529999998,8.01567432212269,7.315485048406145,-0.7001892737165454,0.0,1.0,0.0,1.0,0.0,1.0,Script18_Regionalised_L2_BaselineStandardised,Script18_Regionalised_L2_BaselineStandardised,True,False
RAW_ChannelMedian_BaselineStandardisedFlux,102,0.5666666666666667,1.5397980869999999,1.321082278,-0.21871580899999987,0.42678361765,0.5196588090500001,0.09287519140000006,8.610778594451242,8.187922419428512,-0.42285617502273,0.0,1.0,0.0,1.0,0.0,1.0,Script18_Regionalised_L2_BaselineStandardised,Script18_Regionalised_L2_BaselineStandardised,True,False
RAW_ChannelMedian_BaselineStandardisedFlux,103,0.5722222222222223,1.5067421565,1.3146471140000024,-0.19209504249999765,0.322851855800001,0.4289949317000013,0.10614307590000033,9.223375431194398,7.523528943799944,-1.6998464873944545,0.0,1.0,0.0,1.0,0.0,1.0,Script18_Regionalised_L2_BaselineStandardised,Script18_Regionalised_L2_BaselineStandardised,True,False
RAW_ChannelMedian_BaselineStandardisedFlux,104,0.5777777777777778,1.5039125299999996,1.4340024009999983,-0.06991012900000126,0.3715007656000017,0.4929550200999998,0.12145425449999808,9.123900623205913,8.24320619719108,-0.8806944260148324,0.0,1.0,0.0,1.0,0.0,1.0,Script18_Regionalised_L2_BaselineStandardised,Script18_Regionalised_L2_BaselineStandardised,True,False
RAW_ChannelMedian_BaselineStandardisedFlux,105,0.5833333333333334,1.478871842,1.3522087489999999,-0.12666309300000012,0.45758605004999997,0.48206646965,0.024480419600000025,8.443531495828365,7.275868530641947,-1.1676629651864179,0.0,1.0,0.0,1.0,0.0,1.0,Script18_Regionalised_L2_BaselineStandardised,Script18_Regionalised_L2_BaselineStandardised,True,False
RAW_ChannelMedian_BaselineStandardisedFlux,106,0.5888888888888889,1.4632731804999999,1.283662452,-0.17961072849999993,0.4687985852,0.5130248668,0.04422628160000003,8.162131413092705,7.083374698311301,-1.0787567147814041,0.0,1.0,0.0,1.0,0.0,1.0,Script18_Regionalised_L2_BaselineStandardised,Script18_Regionalised_L2_BaselineStandardised,True,False
RAW_ChannelMedian_BaselineStandardisedFlux,107,0.5944444444444444,1.4685357495,1.386603388,-0.08193236150000005,0.47322121335,0.4555307007,-0.01769051264999999,8.214452857184078,7.289915013450726,-0.9245378437333525,0.0,1.0,0.0,1.0,0.0,1.0,Script18_Regionalised_L2_BaselineStandardised,Script18_Regionalised_L2_BaselineStandardised,True,False
RAW_ChannelMedian_BaselineStandardisedFlux,108,0.6,1.4048273775,2.0272149695,0.6223875920000002,0.4665872711,0.4245723036,-0.0420149675,8.609629879208347,6.9055554734179285,-1.7040744057904185,0.0,1.0,0.0,1.0,0.0,1.0,Script18_Regionalised_L2_BaselineStandardised,Script18_Regionalised_L2_BaselineStandardised,True,False
RAW_ChannelMedian_BaselineStandardisedFlux,109,0.6055555555555556,1.5884526844999942,1.89766181099999,0.3092091264999959,0.4621646429500011,0.3647425036500025,-0.0974221392999986,10.302470714383839,8.198536147120095,-2.103934567263744,0.0,1.0,0.0,1.0,0.0,1.0,Script18_Regionalised_L2_BaselineStandardised,Script18_Regionalised_L2_BaselineStandardised,True,False
RAW_ChannelMedian_BaselineStandardisedFlux,110,0.6111111111111112,1.3037327535,1.4031396405,0.099406887,0.5150606263999999,0.4864890978,-0.02857152859999995,7.452167182121299,7.706088340352837,0.25392115823153816,0.0,1.0,0.0,1.0,0.0,1.0,Script18_Regionalised_L2_BaselineStandardised,Script18_Regionalised_L2_BaselineStandardised,True,False
RAW_ChannelMedian_BaselineStandardisedFlux,111,0.6166666666666667,1.5454838285,1.4191578150000002,-0.12632601349999995,0.4820664697,0.4732212133,-0.008845256400000001,10.62154384463403,7.4190183872003095,-3.20252545743372,0.0,1.0,0.0,1.0,0.0,1.0,Script18_Regionalised_L2_BaselineStandardised,Script18_Regionalised_L2_BaselineStandardised,True,False
RAW_ChannelMedian_BaselineStandardisedFlux,112,0.6222222222222222,1.552086569,1.3672159655,-0.18487060350000006,0.3493876248,0.4887004119,0.1393127871,8.472177300173463,6.4921933976886415,-1.9799839024848218,0.0,1.0,0.0,1.0,0.0,1.0,Script18_Regionalised_L2_BaselineStandardised,Script18_Regionalised_L2_BaselineStandardised,True,False
RAW_ChannelMedian_BaselineStandardisedFlux,113,0.6277777777777778,1.591512829,1.317224694,-0.27428813499999993,0.4687985852,0.50417961045,0.03538102525000003,9.852660300908369,6.6314324718166215,-3.221227829091747,0.0,1.0,0.0,1.0,0.0,1.0,Script18_Regionalised_L2_BaselineStandardised,Script18_Regionalised_L2_BaselineStandardised,True,False
RAW_ChannelMedian_BaselineStandardisedFlux,114,0.6333333333333333,1.463192422,1.4709065479999999,0.007714125999999766,0.4798551556,0.3890586706,-0.09079648500000004,9.211899715499264,7.728383009996367,-1.4835167055028968,0.0,1.0,0.0,1.0,0.0,1.0,Script18_Regionalised_L2_BaselineStandardised,Script18_Regionalised_L2_BaselineStandardised,True,False
RAW_ChannelMedian_BaselineStandardisedFlux,115,0.638888888888889,1.7245181039999973,1.4010743860000001,-0.32344371799999716,0.44874380755000026,0.4820664697,0.03332266214999974,11.4912435276198,6.847888988883497,-4.643354538736302,0.0,1.0,0.0,1.0,0.0,1.0,Script18_Regionalised_L2_BaselineStandardised,Script18_Regionalised_L2_BaselineStandardised,True,False
RAW_ChannelMedian_BaselineStandardisedFlux,116,0.6444444444444445,1.5873446445,1.41301023,-0.17433441449999987,0.46216464295000004,0.48206646965,0.019901826699999958,9.089428353046202,7.066880786274865,-2.022547566771337,0.0,1.0,0.0,1.0,0.0,1.0,Script18_Regionalised_L2_BaselineStandardised,Script18_Regionalised_L2_BaselineStandardised,True,False
RAW_ChannelMedian_BaselineStandardisedFlux,117,0.65,1.649540287,1.4451978375,-0.2043424494999999,0.4577420148,0.4732212133,0.015479198500000013,10.460047989252086,8.181510496741513,-2.278537492510573,0.0,1.0,0.0,1.0,0.0,1.0,Script18_Regionalised_L2_BaselineStandardised,Script18_Regionalised_L2_BaselineStandardised,True,False
RAW_ChannelMedian_BaselineStandardisedFlux,118,0.6555555555555556,1.4000118485000002,1.3235409210000002,-0.07647092749999995,0.490911726,0.5130248667999999,0.02211314079999993,8.282852355232418,7.588491827248687,-0.694360527983731,0.0,1.0,0.0,1.0,0.0,1.0,Script18_Regionalised_L2_BaselineStandardised,Script18_Regionalised_L2_BaselineStandardised,True,False
RAW_ChannelMedian_BaselineStandardisedFlux,119,0.6611111111111111,1.73066539,1.263470143,-0.46719524700000004,0.4687985852,0.5106395051,0.041840919899999995,11.446052893007494,7.278378019230523,-4.167674873776971,0.0,1.0,0.0,1.0,0.0,1.0,Script18_Regionalised_L2_BaselineStandardised,Script18_Regionalised_L2_BaselineStandardised,True,False
RAW_ChannelMedian_BaselineStandardisedFlux,120,0.6666666666666667,1.4579435445000042,1.3875974239999993,-0.07034612050000488,0.46421773190000015,0.4820664697000006,0.017848737800000458,7.595367135107841,7.45879795177677,-0.13656918333107093,0.0,1.0,0.0,1.0,0.0,1.0,Script18_Regionalised_L2_BaselineStandardised,Script18_Regionalised_L2_BaselineStandardised,True,False
RAW_ChannelMedian_BaselineStandardisedFlux,121,0.6722222222222223,1.6643979475,1.356241148,-0.30815679949999986,0.4732212133,0.5130248667999999,0.039803653499999925,10.012719376365963,7.742392269415585,-2.2703271069503783,0.0,1.0,0.0,1.0,0.0,1.0,Script18_Regionalised_L2_BaselineStandardised,Script18_Regionalised_L2_BaselineStandardised,True,False
RAW_ChannelMedian_BaselineStandardisedFlux,122,0.6777777777777778,1.554595091,1.44738067,-0.1072144209999999,0.464375957,0.47543252739999997,0.011056570399999965,11.07619564675229,7.711519354998247,-3.3646762917540425,0.0,1.0,0.0,1.0,0.0,1.0,Script18_Regionalised_L2_BaselineStandardised,Script18_Regionalised_L2_BaselineStandardised,True,False
RAW_ChannelMedian_BaselineStandardisedFlux,123,0.6833333333333333,1.527106403,1.329708418,-0.19739798499999983,0.4732212133,0.49533435415,0.02211314084999999,8.677562089879608,7.366386672451349,-1.3111754174282586,0.0,1.0,0.0,1.0,0.0,1.0,Script18_Regionalised_L2_BaselineStandardised,Script18_Regionalised_L2_BaselineStandardised,True,False
RAW_ChannelMedian_BaselineStandardisedFlux,124,0.6888888888888889,1.577165744,1.365132568,-0.21203317600000005,0.4953343542,0.49737614134999997,0.002041787149999974,9.887128257286712,7.299533252898829,-2.5875950043878824,0.0,1.0,0.0,1.0,0.0,1.0,Script18_Regionalised_L2_BaselineStandardised,Script18_Regionalised_L2_BaselineStandardised,True,False
RAW_ChannelMedian_BaselineStandardisedFlux,125,0.6944444444444444,1.4910382709999999,1.181986604,-0.30905166699999986,0.5106395051,0.40024784864999996,-0.11039165645000004,8.63538499190538,6.520170764258188,-2.1152142276471917,0.0,1.0,0.0,1.0,0.0,1.0,Script18_Regionalised_L2_BaselineStandardised,Script18_Regionalised_L2_BaselineStandardised,True,False
RAW_ChannelMedian_BaselineStandardisedFlux,126,0.7000000000000001,1.7004432385000008,1.205965985500003,-0.4944772529999979,0.4488967584500004,0.5218701230999994,0.07297336464999898,13.071667468232004,6.4842897939830415,-6.5873776742489625,0.0,1.0,0.0,1.0,0.0,1.0,Script18_Regionalised_L2_BaselineStandardised,Script18_Regionalised_L2_BaselineStandardised,True,False
RAW_ChannelMedian_BaselineStandardisedFlux,127,0.7055555555555556,1.730294264,1.352864383,-0.3774298810000001,0.4687985852,0.4864890978,0.017690512599999986,8.889494270627093,7.920476759479776,-0.9690175111473174,0.0,1.0,0.0,1.0,0.0,1.0,Script18_Regionalised_L2_BaselineStandardised,Script18_Regionalised_L2_BaselineStandardised,True,False
RAW_ChannelMedian_BaselineStandardisedFlux,128,0.7111111111111111,1.5182743749999998,1.4678474394999999,-0.05042693549999999,0.490911726,0.490911726,0.0,8.58169634462666,8.603833370780663,0.02213702615400237,0.0,1.0,0.0,1.0,0.0,1.0,Script18_Regionalised_L2_BaselineStandardised,Script18_Regionalised_L2_BaselineStandardised,True,False
RAW_ChannelMedian_BaselineStandardisedFlux,129,0.7166666666666667,1.6609630435,1.6939541835,0.03299114000000003,0.48427778374999997,0.4421121256,-0.04216565814999995,11.206793604077664,7.456315981250771,-3.7504776228268923,0.0,1.0,0.0,1.0,0.0,1.0,Script18_Regionalised_L2_BaselineStandardised,Script18_Regionalised_L2_BaselineStandardised,True,False
RAW_ChannelMedian_BaselineStandardisedFlux,130,0.7222222222222222,1.721311469,1.4455673225,-0.2757441464999999,0.4730599744,0.49312304009999997,0.020063065699999938,10.996152768537836,9.118088992177011,-1.8780637763608254,0.0,1.0,0.0,1.0,0.0,1.0,Script18_Regionalised_L2_BaselineStandardised,Script18_Regionalised_L2_BaselineStandardised,True,False
RAW_ChannelMedian_BaselineStandardisedFlux,131,0.7277777777777779,1.3835568589999971,1.3658058165000027,-0.017751042499994485,0.49975698235000077,0.4975456682499997,-0.0022113141000010827,8.537778630563533,8.051450210358274,-0.48632842020525935,0.0,1.0,0.0,1.0,0.0,1.0,Script18_Regionalised_L2_BaselineStandardised,Script18_Regionalised_L2_BaselineStandardised,True,False
RAW_ChannelMedian_BaselineStandardisedFlux,132,0.7333333333333334,1.2436397230000016,1.5000456349999955,0.25640591199999396,0.5373493216999998,0.4798551556000003,-0.05749416609999952,7.430349893244988,8.471312892118428,1.0409629988734403,0.0,1.0,0.0,1.0,0.0,1.0,Script18_Regionalised_L2_BaselineStandardised,Script18_Regionalised_L2_BaselineStandardised,True,False
RAW_ChannelMedian_BaselineStandardisedFlux,133,0.7388888888888889,1.3208588865,1.2794277025,-0.0414311839999999,0.5262927513,0.49312304009999997,-0.03316971120000001,7.113111367907779,7.179192553400974,0.06608118549319553,0.0,1.0,0.0,1.0,0.0,1.0,Script18_Regionalised_L2_BaselineStandardised,Script18_Regionalised_L2_BaselineStandardised,True,False
RAW_ChannelMedian_BaselineStandardisedFlux,134,0.7444444444444445,2.343110919,1.3235270049999999,-1.019583914,0.44447413030000005,0.499586702,0.055112571699999946,10.200905182670729,7.997201147885855,-2.2037040347848738,0.0,1.0,0.0,1.0,0.0,1.0,Script18_Regionalised_L2_BaselineStandardised,Script18_Regionalised_L2_BaselineStandardised,True,False
RAW_ChannelMedian_BaselineStandardisedFlux,135,0.75,2.8827857555,1.2572134259999999,-1.6255723295000002,0.2254771841,0.5108135527,0.28533636859999995,10.383865015292375,5.842425616037156,-4.5414393992552196,0.0,1.0,0.0,1.0,0.0,1.0,Script18_Regionalised_L2_BaselineStandardised,Script18_Regionalised_L2_BaselineStandardised,True,False
RAW_ChannelMedian_BaselineStandardisedFlux,136,0.7555555555555555,2.7136226490000004,1.4417516565000001,-1.2718709925000002,0.3449649966,0.4864890978,0.14152410119999997,11.089265081233634,7.649079821545485,-3.440185259688149,0.0,1.0,0.0,1.0,0.0,1.0,Script18_Regionalised_L2_BaselineStandardised,Script18_Regionalised_L2_BaselineStandardised,True,False
RAW_ChannelMedian_BaselineStandardisedFlux,137,0.7611111111111112,3.0690406374999704,1.5191702669999998,-1.5498703704999706,0.37592339380000184,0.4643759570000005,0.08845256319999867,12.097954615595834,9.963682881666289,-2.1342717339295447,0.0,1.0,0.0,1.0,0.0,1.0,Script18_Regionalised_L2_BaselineStandardised,Script18_Regionalised_L2_BaselineStandardised,True,False
RAW_ChannelMedian_BaselineStandardisedFlux,138,0.7666666666666667,1.5799211855,1.511587552,-0.06833363349999999,0.4687985852,0.4887004119,0.019901826700000014,10.071378022367693,9.014210003275327,-1.0571680190923658,0.0,1.0,0.0,1.0,0.0,1.0,Script18_Regionalised_L2_BaselineStandardised,Script18_Regionalised_L2_BaselineStandardised,True,False
RAW_ChannelMedian_BaselineStandardisedFlux,139,0.7722222222222223,1.4814605785000001,1.5242713975,0.04281081899999983,0.5019682964000001,0.4907444595,-0.011223836900000062,9.359570712674135,10.418174813977522,1.0586041013033878,0.0,1.0,0.0,1.0,0.0,1.0,Script18_Regionalised_L2_BaselineStandardised,Script18_Regionalised_L2_BaselineStandardised,True,False
RAW_ChannelMedian_BaselineStandardisedFlux,140,0.7777777777777778,1.423492696,1.568219641,0.14472694499999994,0.4951655807,0.4732212133,-0.021944367399999998,9.108161830364448,8.651404309923004,-0.45675752044144424,0.0,1.0,0.0,1.0,0.0,1.0,Script18_Regionalised_L2_BaselineStandardised,Script18_Regionalised_L2_BaselineStandardised,True,False
RAW_ChannelMedian_BaselineStandardisedFlux,141,0.7833333333333333,1.5410146595,1.5633788145,0.022364154999999997,0.47322121335,0.4732212133,-5.000000413701855e-11,9.740800146210296,10.370778709923265,0.6299785637129691,0.0,1.0,0.0,1.0,0.0,1.0,Script18_Regionalised_L2_BaselineStandardised,Script18_Regionalised_L2_BaselineStandardised,True,False
RAW_ChannelMedian_BaselineStandardisedFlux,142,0.788888888888889,1.532377888000001,1.4953697770000016,-0.037008110999999344,0.48648909784999966,0.47322121335000034,-0.013267884499999327,10.94870064616579,8.684958990034852,-2.2637416561309376,0.0,1.0,0.0,1.0,0.0,1.0,Script18_Regionalised_L2_BaselineStandardised,Script18_Regionalised_L2_BaselineStandardised,True,False
RAW_ChannelMedian_BaselineStandardisedFlux,143,0.7944444444444445,1.5738480914999975,1.5732353944999977,-0.0006126969999997733,0.47100989925000036,0.4887004118999999,0.017690512649999546,9.274234121160333,9.819992287752017,0.5457581665916837,0.0,1.0,0.0,1.0,0.0,1.0,Script18_Regionalised_L2_BaselineStandardised,Script18_Regionalised_L2_BaselineStandardised,True,False
RAW_ChannelMedian_BaselineStandardisedFlux,144,0.8,1.4549379335000001,1.4656051395,0.01066720599999993,0.4864890978,0.4819022169,-0.004586880899999979,9.035591242825582,9.021389185348639,-0.014202057476943253,0.0,1.0,0.0,1.0,0.0,1.0,Script18_Regionalised_L2_BaselineStandardised,Script18_Regionalised_L2_BaselineStandardised,True,False
RAW_ChannelMedian_BaselineStandardisedFlux,145,0.8055555555555556,1.7055161540000001,1.4336613315000002,-0.2718548224999999,0.45758605004999997,0.490911726,0.03332567595000002,11.341390689144754,7.267510215003929,-4.073880474140825,0.0,1.0,0.0,1.0,0.0,1.0,Script18_Regionalised_L2_BaselineStandardised,Script18_Regionalised_L2_BaselineStandardised,True,False
RAW_ChannelMedian_BaselineStandardisedFlux,146,0.8111111111111111,1.532027719,1.3026144634999999,-0.22941325550000014,0.4864890978,0.52629275125,0.039803653449999976,10.864341887610877,7.82429657145168,-3.0400453161591967,0.0,1.0,0.0,1.0,0.0,1.0,Script18_Regionalised_L2_BaselineStandardised,Script18_Regionalised_L2_BaselineStandardised,True,False
RAW_ChannelMedian_BaselineStandardisedFlux,147,0.8166666666666667,1.5596124855,1.3614730234999999,-0.1981394620000001,0.49975698235,0.5130248667999999,0.013267884449999934,10.445805544180587,7.3717070038861205,-3.0740985402944663,0.0,1.0,0.0,1.0,0.0,1.0,Script18_Regionalised_L2_BaselineStandardised,Script18_Regionalised_L2_BaselineStandardised,True,False
RAW_ChannelMedian_BaselineStandardisedFlux,148,0.8222222222222223,1.7499339529999947,1.4096234435000028,-0.34031050949999186,0.46879858515000045,0.4997569822999997,0.03095839714999926,13.4765310522492,9.211372570043073,-4.265158482206127,0.0,1.0,0.0,1.0,0.0,1.0,Script18_Regionalised_L2_BaselineStandardised,Script18_Regionalised_L2_BaselineStandardised,True,False
RAW_ChannelMedian_BaselineStandardisedFlux,149,0.8277777777777778,1.4801881050000039,1.542321625,0.06213351999999617,0.4909117259999992,0.4863233381999999,-0.004588387799999316,8.858140551839943,10.707870213600572,1.8497296617606285,0.0,1.0,0.0,1.0,0.0,1.0,Script18_Regionalised_L2_BaselineStandardised,Script18_Regionalised_L2_BaselineStandardised,True,False
RAW_ChannelMedian_BaselineStandardisedFlux,150,0.8333333333333334,1.679311309,1.5469448955,-0.1323664135,0.45316492880000003,0.4820664697,0.028901540899999967,11.881025012204688,8.378237482702357,-3.5027875295023314,0.0,1.0,0.0,1.0,0.0,1.0,Script18_Regionalised_L2_BaselineStandardised,Script18_Regionalised_L2_BaselineStandardised,True,False
RAW_ChannelMedian_BaselineStandardisedFlux,151,0.8388888888888889,1.5994402110000001,1.5013559184999998,-0.09808429250000028,0.47100989925000003,0.4820664697,0.01105657044999997,9.800462029896408,9.427547732149566,-0.37291429774684204,0.0,1.0,0.0,1.0,0.0,1.0,Script18_Regionalised_L2_BaselineStandardised,Script18_Regionalised_L2_BaselineStandardised,True,False
RAW_ChannelMedian_BaselineStandardisedFlux,152,0.8444444444444444,1.451402135,1.409970803,-0.04143133199999993,0.4864890978,0.49754566825,0.011056570450000025,9.171520018870421,8.292401850030023,-0.8791181688403977,0.0,1.0,0.0,1.0,0.0,1.0,Script18_Regionalised_L2_BaselineStandardised,Script18_Regionalised_L2_BaselineStandardised,True,False
RAW_ChannelMedian_BaselineStandardisedFlux,153,0.85,1.520763515,1.480961003,-0.03980251200000007,0.3869799642,0.4863233382,0.09934337399999998,9.121238192417838,7.861061412463059,-1.2601767799547794,0.0,1.0,0.0,1.0,0.0,1.0,Script18_Regionalised_L2_BaselineStandardised,Script18_Regionalised_L2_BaselineStandardised,True,False
RAW_ChannelMedian_BaselineStandardisedFlux,154,0.8555555555555556,1.5481349225000012,1.575258206999996,0.027123284499994904,0.49975698229999943,0.46658727110000076,-0.033169711199998675,8.842440435069992,9.25231472630563,0.4098742912356368,0.0,1.0,0.0,1.0,0.0,1.0,Script18_Regionalised_L2_BaselineStandardised,Script18_Regionalised_L2_BaselineStandardised,True,False
RAW_ChannelMedian_BaselineStandardisedFlux,155,0.8611111111111112,1.6071855965,1.379065274,-0.22812032249999992,0.4730599744,0.5041796105,0.031119636100000014,12.1860863278164,7.3778092331195495,-4.80827709469685,0.0,1.0,0.0,1.0,0.0,1.0,Script18_Regionalised_L2_BaselineStandardised,Script18_Regionalised_L2_BaselineStandardised,True,False
RAW_ChannelMedian_BaselineStandardisedFlux,156,0.8666666666666667,1.5597043115,1.3597487105,-0.1999556010000001,0.47985515555,0.517447495,0.037592339449999956,9.334248700030262,8.45818097678617,-0.8760677232440912,0.0,1.0,0.0,1.0,0.0,1.0,Script18_Regionalised_L2_BaselineStandardised,Script18_Regionalised_L2_BaselineStandardised,True,False
RAW_ChannelMedian_BaselineStandardisedFlux,157,0.8722222222222222,1.624468155,1.2547597585,-0.36970839649999987,0.44889675845,0.5152361809,0.06633942245000002,10.716677133763302,6.341372890680113,-4.375304243083189,0.0,1.0,0.0,1.0,0.0,1.0,Script18_Regionalised_L2_BaselineStandardised,Script18_Regionalised_L2_BaselineStandardised,True,False
RAW_ChannelMedian_BaselineStandardisedFlux,158,0.8777777777777778,1.7063014829999998,1.4257062585,-0.28059522449999985,0.4400515021,0.5084289445,0.06837744239999999,10.219822993771555,9.102243163762347,-1.1175798300092072,0.0,1.0,0.0,1.0,0.0,1.0,Script18_Regionalised_L2_BaselineStandardised,Script18_Regionalised_L2_BaselineStandardised,True,False
RAW_ChannelMedian_BaselineStandardisedFlux,159,0.8833333333333334,1.4964498575000011,1.297256366000001,-0.1991934915000002,0.4621646429500004,0.49754566825000013,0.0353810252999997,10.677353590625989,7.498555785607811,-3.1787978050181778,0.0,1.0,0.0,1.0,0.0,1.0,Script18_Regionalised_L2_BaselineStandardised,Script18_Regionalised_L2_BaselineStandardised,True,False
RAW_ChannelMedian_BaselineStandardisedFlux,160,0.888888888888889,1.554539717000006,1.3467151225,-0.2078245945000059,0.4819022169499995,0.5019682964000001,0.02006607945000055,8.976168591070817,8.01528804818136,-0.9608805428894573,0.0,1.0,0.0,1.0,0.0,1.0,Script18_Regionalised_L2_BaselineStandardised,Script18_Regionalised_L2_BaselineStandardised,True,False
RAW_ChannelMedian_BaselineStandardisedFlux,161,0.8944444444444445,1.855755542,1.34249006,-0.513265482,0.4555307007,0.4997569823,0.04422628159999997,14.068869349958288,7.558043578687657,-6.51082577127063,0.0,1.0,0.0,1.0,0.0,1.0,Script18_Regionalised_L2_BaselineStandardised,Script18_Regionalised_L2_BaselineStandardised,True,False
RAW_ChannelMedian_BaselineStandardisedFlux,162,0.9,1.6191564194999999,1.488609624,-0.13054679549999992,0.4687985852,0.5152361809,0.0464375957,11.610552090925616,9.977569539508803,-1.6329825514168128,0.0,1.0,0.0,1.0,0.0,1.0,Script18_Regionalised_L2_BaselineStandardised,Script18_Regionalised_L2_BaselineStandardised,True,False
RAW_ChannelMedian_BaselineStandardisedFlux,163,0.9055555555555556,1.6900843125,1.4596633424999998,-0.23042097000000017,0.45331938660000004,0.4953343542,0.04201496759999995,10.024685721393919,9.662273853187962,-0.3624118682059567,0.0,1.0,0.0,1.0,0.0,1.0,Script18_Regionalised_L2_BaselineStandardised,Script18_Regionalised_L2_BaselineStandardised,True,False
RAW_ChannelMedian_BaselineStandardisedFlux,164,0.9111111111111111,1.8216900164999998,1.399758658,-0.42193135849999974,0.4732212133,0.5327451114,0.05952389810000003,11.641348880269376,8.881102443156898,-2.760246437112478,0.0,1.0,0.0,1.0,0.0,1.0,Script18_Regionalised_L2_BaselineStandardised,Script18_Regionalised_L2_BaselineStandardised,True,False
RAW_ChannelMedian_BaselineStandardisedFlux,165,0.9166666666666667,1.3846347280000075,1.401315792999999,0.016681064999991557,0.5150606263499985,0.4864890978000001,-0.028571528549998393,7.598246867629664,9.139450259447841,1.5412033918181773,0.0,1.0,0.0,1.0,0.0,1.0,Script18_Regionalised_L2_BaselineStandardised,Script18_Regionalised_L2_BaselineStandardised,True,False
RAW_ChannelMedian_BaselineStandardisedFlux,166,0.9222222222222223,1.7635056485,1.357961758,-0.40554389049999995,0.44447413030000005,0.490911726,0.046437595699999945,13.568752402849242,7.986094820446436,-5.582657582402806,0.0,1.0,0.0,1.0,0.0,1.0,Script18_Regionalised_L2_BaselineStandardised,Script18_Regionalised_L2_BaselineStandardised,True,False
RAW_ChannelMedian_BaselineStandardisedFlux,167,0.9277777777777778,1.714132038,1.4173585165,-0.2967735215,0.4312062458,0.4665872711,0.03538102529999998,11.528567187524079,9.395556281156354,-2.1330109063677245,0.0,1.0,0.0,1.0,0.0,1.0,Script18_Regionalised_L2_BaselineStandardised,Script18_Regionalised_L2_BaselineStandardised,True,False
RAW_ChannelMedian_BaselineStandardisedFlux,168,0.9333333333333333,1.6779530185,1.5407742309999999,-0.13717878750000012,0.4665872711,0.4864890978,0.019901826700000014,13.342258371789914,9.823837278546367,-3.5184210932435462,0.0,1.0,0.0,1.0,0.0,1.0,Script18_Regionalised_L2_BaselineStandardised,Script18_Regionalised_L2_BaselineStandardised,True,False
RAW_ChannelMedian_BaselineStandardisedFlux,169,0.9388888888888889,1.6723638424999998,2.057103511,0.3847396685000004,0.47543252739999997,0.39569035244999995,-0.07974217495000002,10.912883415148997,9.912182226947444,-1.0007011882015533,0.0,1.0,0.0,1.0,0.0,1.0,Script18_Regionalised_L2_BaselineStandardised,Script18_Regionalised_L2_BaselineStandardised,True,False
RAW_ChannelMedian_BaselineStandardisedFlux,170,0.9444444444444445,1.7097302994999963,1.4956381529999985,-0.21409214649999786,0.4664282925500003,0.4842777837500001,0.01784949119999979,10.25948760338262,9.829006027336021,-0.4304815760465992,0.0,1.0,0.0,1.0,0.0,1.0,Script18_Regionalised_L2_BaselineStandardised,Script18_Regionalised_L2_BaselineStandardised,True,False
RAW_ChannelMedian_BaselineStandardisedFlux,171,0.9500000000000001,1.534245355499999,1.4237272110000028,-0.11051814449999631,0.4820664697000001,0.48870041189999947,0.006633942199999354,11.82981890828835,8.505452055063683,-3.3243668532246673,0.0,1.0,0.0,1.0,0.0,1.0,Script18_Regionalised_L2_BaselineStandardised,Script18_Regionalised_L2_BaselineStandardised,True,False
RAW_ChannelMedian_BaselineStandardisedFlux,172,0.9555555555555556,1.4927654995,1.5582846495,0.06551915000000008,0.4864890978,0.46216464295000004,-0.024324454849999955,10.346710411502094,9.35599733711367,-0.9907130743884238,0.0,1.0,0.0,1.0,0.0,1.0,Script18_Regionalised_L2_BaselineStandardised,Script18_Regionalised_L2_BaselineStandardised,True,False
RAW_ChannelMedian_BaselineStandardisedFlux,173,0.9611111111111111,1.7647139260000002,1.475601534,-0.2891123920000003,0.38255733599999997,0.4864890978,0.10393176180000002,11.320442233402115,9.558874877639758,-1.7615673557623577,0.0,1.0,0.0,1.0,0.0,1.0,Script18_Regionalised_L2_BaselineStandardised,Script18_Regionalised_L2_BaselineStandardised,True,False
RAW_ChannelMedian_BaselineStandardisedFlux,174,0.9666666666666667,1.6676998435,1.400730037,-0.2669698064999999,0.47100989925000003,0.48853389885,0.01752399959999995,12.752699010659475,8.083650624893176,-4.669048385766299,0.0,1.0,0.0,1.0,0.0,1.0,Script18_Regionalised_L2_BaselineStandardised,Script18_Regionalised_L2_BaselineStandardised,True,False
RAW_ChannelMedian_BaselineStandardisedFlux,175,0.9722222222222222,1.536300564,1.490472957,-0.0458276070000001,0.49754566825,0.4953343542,-0.002211314050000024,11.685653376323334,9.234557513122711,-2.4510958632006226,0.0,1.0,0.0,1.0,0.0,1.0,Script18_Regionalised_L2_BaselineStandardised,Script18_Regionalised_L2_BaselineStandardised,True,False
RAW_ChannelMedian_BaselineStandardisedFlux,176,0.9777777777777779,1.6768525994999999,1.4166187835000015,-0.2602338159999984,0.4597966106500002,0.4953343541999997,0.0355377435499995,11.237976385234747,8.780200129949975,-2.457776255284772,0.0,1.0,0.0,1.0,0.0,1.0,Script18_Regionalised_L2_BaselineStandardised,Script18_Regionalised_L2_BaselineStandardised,True,False
RAW_ChannelMedian_BaselineStandardisedFlux,177,0.9833333333333334,1.6621282180000012,1.486023493499998,-0.17610472450000314,0.4710098992499997,0.4820664696500005,0.011056570400000798,11.685116838944941,9.318226058959116,-2.366890779985825,0.0,1.0,0.0,1.0,0.0,1.0,Script18_Regionalised_L2_BaselineStandardised,Script18_Regionalised_L2_BaselineStandardised,True,False
RAW_ChannelMedian_BaselineStandardisedFlux,178,0.9888888888888889,1.7255376729999998,1.3928577235000001,-0.3326799494999997,0.4555307007,0.50639092455,0.05086022385,9.174626775648553,9.224324797523469,0.049698021874915455,0.0,1.0,0.0,1.0,0.0,1.0,Script18_Regionalised_L2_BaselineStandardised,Script18_Regionalised_L2_BaselineStandardised,True,False
RAW_ChannelMedian_BaselineStandardisedFlux,179,0.9944444444444445,2.084569599,1.4365673155,-0.6480022834999999,0.437840188,0.380216428,-0.057623760000000024,14.959728133849584,7.147318876783229,-7.812409257066355,0.0,1.0,0.0,1.0,0.0,1.0,Script18_Regionalised_L2_BaselineStandardised,Script18_Regionalised_L2_BaselineStandardised,True,False
RAW_ChannelMedian_BaselineStandardisedFlux,180,1.0,3.0236977945000003,1.4532257825000001,-1.5704720120000002,0.26756900380000004,0.5019682964000001,0.23439929260000003,13.840120757538031,9.746145432334904,-4.093975325203127,0.0,1.0,0.0,1.0,0.0,1.0,Script18_Regionalised_L2_BaselineStandardised,Script18_Regionalised_L2_BaselineStandardised,True,False
