Track,N_Matched,Matched_Progress_Min,Matched_Progress_Max,Baseline_Observed_Progress_Min,Baseline_Observed_Progress_Max,Modulation_Observed_Progress_Min,Modulation_Observed_Progress_Max,Baseline_Flux_Source,Modulation_Flux_Source,Direct_Window_Positions_Identical,Interpolation_Required,DeltaEntropy_Mean,DeltaEntropy_Median,DeltaEntropy_Q25,DeltaEntropy_Q75,DeltaLZC_Mean,DeltaLZC_Median,DeltaLZC_Q25,DeltaLZC_Q75,DeltaFlux_Mean,DeltaFlux_Median,DeltaFlux_Q25,DeltaFlux_Q75,Corr_DeltaEntropy_DeltaLZC,Corr_DeltaEntropy_DeltaFlux,Corr_DeltaLZC_DeltaFlux,N_Hplus_LZCminus_Fluxplus,N_Hplus_LZCminus_Fluxminus,Pct_Hplus_LZCminus,N_H-_LZC-_Flux-,N_H-_LZC-_Flux+,N_H-_LZC+_Flux-,N_H-_LZC+_Flux+,N_H+_LZC-_Flux-,N_H+_LZC-_Flux+,N_H+_LZC+_Flux-,N_H+_LZC+_Flux+,Channel
RAW_Channel_BaselineStandardisedFlux,181,0.0,1.0,0.0,1.0,0.0,1.0,Script18_Regionalised_L2_BaselineStandardised,Script18_Regionalised_L2_BaselineStandardised,True,False,-0.5303027893662987,-0.4294090209,-0.7653421094999966,-0.2085100901,0.030248025930773585,0.026715090800000008,-0.026535768999999987,0.07960730690000006,-2.1543862699997556,-2.06020293314394,-3.334312054245281,-0.9316628330253263,-0.7189109612024918,0.1874571882404212,0.10693846760556057,2,16,9.94475138121547,44,4,99,9,16,2,3,2,C3
RAW_Channel_BaselineStandardisedFlux,181,0.0,1.0,0.0,1.0,0.0,1.0,Script18_Regionalised_L2_BaselineStandardised,Script18_Regionalised_L2_BaselineStandardised,True,False,-0.2121068874403317,-0.12878442200000384,-0.3090995619999972,0.008857206999999923,0.03977611365121547,0.03980365340000003,-0.004422628199999945,0.0884525632,-2.1543862699997556,-2.06020293314394,-3.334312054245281,-0.9316628330253263,-0.7098320982676516,0.2226617382802485,0.10144513821149397,5,25,16.574585635359117,21,1,105,6,25,5,9,7,C4
RAW_Channel_BaselineStandardisedFlux,181,0.0,1.0,0.0,1.0,0.0,1.0,Script18_Regionalised_L2_BaselineStandardised,Script18_Regionalised_L2_BaselineStandardised,True,False,-0.3734121424889502,-0.369272064,-0.555078497,-0.15122346399999986,0.045323498928563494,0.053071537899999965,-4.440892098500626e-16,0.09729781950000022,-2.1543862699997556,-2.06020293314394,-3.334312054245281,-0.9316628330253263,-0.5469374878686439,0.33621759110340355,0.01969801329313864,4,12,8.839779005524862,29,1,111,9,12,4,7,4,CP1
RAW_Channel_BaselineStandardisedFlux,181,0.0,1.0,0.0,1.0,0.0,1.0,Script18_Regionalised_L2_BaselineStandardised,Script18_Regionalised_L2_BaselineStandardised,True,False,-0.15046312896519345,-0.10201630799999573,-0.2542326543000004,0.035741019999988355,0.002002331153425389,0.004422628099999992,-0.04881165559999995,0.0661827043,-2.1543862699997556,-2.06020293314394,-3.334312054245281,-0.9316628330253263,-0.7295885845812066,0.20693662726399584,-0.04807522618588128,11,38,27.07182320441989,38,1,80,6,38,11,6,1,CP2
RAW_Channel_BaselineStandardisedFlux,181,0.0,1.0,0.0,1.0,0.0,1.0,Script18_Regionalised_L2_BaselineStandardised,Script18_Regionalised_L2_BaselineStandardised,True,False,-0.44417773668397803,-0.3597960498,-0.5495420609999999,-0.22509220600000002,0.024578710039613302,0.017524753000000004,-0.022113140799999542,0.07076205059999996,-2.1543862699997556,-2.06020293314394,-3.334312054245281,-0.9316628330253263,-0.6108487974047901,0.24137255841024083,0.046161674860929564,0,9,4.972375690607735,51,9,96,8,9,0,2,2,CP5
RAW_Channel_BaselineStandardisedFlux,181,0.0,1.0,0.0,1.0,0.0,1.0,Script18_Regionalised_L2_BaselineStandardised,Script18_Regionalised_L2_BaselineStandardised,True,False,-0.2810681263685084,-0.20237375400000013,-0.37194247,-0.064593962,0.004446513095801083,0.00019137699999993707,-0.03078510299999998,0.03980365349999887,-2.1543862699997556,-2.06020293314394,-3.334312054245281,-0.9316628330253263,-0.5604432175683575,0.3407875832213621,0.10322777118724127,5,19,13.259668508287293,50,6,82,5,19,5,4,3,CP6
RAW_Channel_BaselineStandardisedFlux,181,0.0,1.0,0.0,1.0,0.0,1.0,Script18_Regionalised_L2_BaselineStandardised,Script18_Regionalised_L2_BaselineStandardised,True,False,-0.3587622159779008,-0.36659325099999984,-0.5028005010000016,-0.176870753,0.0035180055246961587,0.008674976000000001,-0.030958397100000035,0.03980365349999998,-2.1543862699997556,-2.06020293314394,-3.334312054245281,-0.9316628330253263,-0.6382315683885458,0.20510969792477632,0.1939272487943314,2,17,10.497237569060774,53,9,91,7,17,2,1,1,Cz
RAW_Channel_BaselineStandardisedFlux,181,0.0,1.0,0.0,1.0,0.0,1.0,Script18_Regionalised_L2_BaselineStandardised,Script18_Regionalised_L2_BaselineStandardised,True,False,-0.303396777353591,-0.29618346299999154,-0.46096985200000007,-0.11130223900000003,-0.0021256437823756968,0.0044226282000000006,-0.03538102529999998,0.039803653500000036,-2.1543862699997556,-2.06020293314394,-3.334312054245281,-0.9316628330253263,-0.7392242736273933,0.19043686390750567,0.1275237511951103,5,22,14.917127071823204,46,8,89,4,22,5,3,1,F3
RAW_Channel_BaselineStandardisedFlux,181,0.0,1.0,0.0,1.0,0.0,1.0,Script18_Regionalised_L2_BaselineStandardised,Script18_Regionalised_L2_BaselineStandardised,True,False,-0.2982181682110492,-0.15575794639999996,-0.3663841939999999,-0.010046599000000045,0.0367469045550828,0.022113140800000042,-0.017690512699999994,0.07058122189999999,-2.1543862699997556,-2.06020293314394,-3.334312054245281,-0.9316628330253263,-0.760047081978677,0.18274951326822544,0.08557723259070432,6,22,15.469613259668508,33,1,96,6,22,6,10,5,F4
RAW_Channel_BaselineStandardisedFlux,181,0.0,1.0,0.0,1.0,0.0,1.0,Script18_Regionalised_L2_BaselineStandardised,Script18_Regionalised_L2_BaselineStandardised,True,False,-0.30302338538674034,-0.28527465399999996,-0.4550467059999974,-0.093882566,0.022405554478895053,0.02653576890000009,-0.02634439200000005,0.06651120969999857,-2.1543862699997556,-2.06020293314394,-3.334312054245281,-0.9316628330253263,-0.7436999878366845,0.22972545212775158,0.03140669903220783,5,23,15.469613259668508,32,4,101,9,23,5,2,0,F7
RAW_Channel_BaselineStandardisedFlux,181,0.0,1.0,0.0,1.0,0.0,1.0,Script18_Regionalised_L2_BaselineStandardised,Script18_Regionalised_L2_BaselineStandardised,True,False,-0.15279987137182305,-0.17689910900000005,-0.36468465699999997,0.07437278000000003,-0.00021953504265197462,0.004422628199999945,-0.04864890979999986,0.05747457629999997,-2.1543862699997556,-2.06020293314394,-3.334312054245281,-0.9316628330253263,-0.7002937626701122,0.28859323362708356,-0.02050861652702177,8,37,24.861878453038674,32,3,84,6,37,8,7,2,F8
RAW_Channel_BaselineStandardisedFlux,181,0.0,1.0,0.0,1.0,0.0,1.0,Script18_Regionalised_L2_BaselineStandardised,Script18_Regionalised_L2_BaselineStandardised,True,False,-0.2789001855143652,-0.16959672799999992,-0.3828194659999993,-0.013382000000001781,0.036942429794861974,0.026535768999999987,-0.017690512599999986,0.09270039030000005,-2.1543862699997556,-2.06020293314394,-3.334312054245281,-0.9316628330253263,-0.6535955176384003,0.21456764579559873,0.10057899803255498,4,21,13.812154696132596,33,3,94,7,21,4,14,5,FC1
RAW_Channel_BaselineStandardisedFlux,181,0.0,1.0,0.0,1.0,0.0,1.0,Script18_Regionalised_L2_BaselineStandardised,Script18_Regionalised_L2_BaselineStandardised,True,False,-0.012156386557458402,0.04649579899999989,-0.17535950599999994,0.23382434799999863,0.03843318687220993,0.03538102529999998,-0.022113140800000042,0.10155167430000062,-2.1543862699997556,-2.06020293314394,-3.334312054245281,-0.9316628330253263,-0.7030728706129719,0.16018045783774637,0.11360624308205064,5,45,27.624309392265193,10,0,59,7,45,5,47,7,FC2
RAW_Channel_BaselineStandardisedFlux,181,0.0,1.0,0.0,1.0,0.0,1.0,Script18_Regionalised_L2_BaselineStandardised,Script18_Regionalised_L2_BaselineStandardised,True,False,-0.40759708537182343,-0.41826715000000014,-0.639649632,-0.17976408619999995,0.021794452800442038,0.0178366824999987,-0.03112566360000002,0.07518467870000001,-2.1543862699997556,-2.06020293314394,-3.334312054245281,-0.9316628330253263,-0.8047550214404671,0.14774130474353195,0.1108020453374188,3,27,16.574585635359117,34,5,98,10,27,3,1,1,FC5
RAW_Channel_BaselineStandardisedFlux,181,0.0,1.0,0.0,1.0,0.0,1.0,Script18_Regionalised_L2_BaselineStandardised,Script18_Regionalised_L2_BaselineStandardised,True,False,-0.32260086599834253,-0.2077466912000001,-0.4607805779999957,-0.09530622300000124,0.06157053315911601,0.05307153800000003,0.004422628099999992,0.11498833220000004,-2.1543862699997556,-2.06020293314394,-3.334312054245281,-0.9316628330253263,-0.710761079757252,0.13363950886735,0.09845519630150969,3,8,6.077348066298343,29,2,120,9,8,3,4,5,FC6
RAW_Channel_BaselineStandardisedFlux,181,0.0,1.0,0.0,1.0,0.0,1.0,Script18_Regionalised_L2_BaselineStandardised,Script18_Regionalised_L2_BaselineStandardised,True,False,-0.17709992019778986,-0.16861053100000012,-0.3984244219999973,0.10426387699999995,0.018910593019005495,0.017684485070000006,-0.04422628159999997,0.07518467870000001,-2.1543862699997556,-2.06020293314394,-3.334312054245281,-0.9316628330253263,-0.7513474702044904,0.2433701733655468,-0.010972036681769028,7,41,26.519337016574585,22,3,85,7,41,7,10,2,FT10
RAW_Channel_BaselineStandardisedFlux,181,0.0,1.0,0.0,1.0,0.0,1.0,Script18_Regionalised_L2_BaselineStandardised,Script18_Regionalised_L2_BaselineStandardised,True,False,-0.1474370855845303,-0.1561856450000001,-0.36578164550000003,0.053505504500000134,0.01617527952972376,0.017690512599999986,-0.035381025300000146,0.07960730690000001,-2.1543862699997556,-2.06020293314394,-3.334312054245281,-0.9316628330253263,-0.7382349264070363,0.07098377474804365,0.06123820678884799,6,34,22.099447513812155,25,4,88,6,34,6,15,3,FT9
RAW_Channel_BaselineStandardisedFlux,181,0.0,1.0,0.0,1.0,0.0,1.0,Script18_Regionalised_L2_BaselineStandardised,Script18_Regionalised_L2_BaselineStandardised,True,False,-0.29164713874254095,-0.19277918000000005,-0.5637304890000001,-0.03282796599999971,0.04383246710999989,0.04422628159999997,-0.008845256299999993,0.10185606920000001,-2.1543862699997556,-2.06020293314394,-3.334312054245281,-0.9316628330253263,-0.7110419055686582,0.16752539342694833,0.04905710247646943,7,22,16.022099447513813,21,3,108,8,22,7,9,1,Fp1
RAW_Channel_BaselineStandardisedFlux,181,0.0,1.0,0.0,1.0,0.0,1.0,Script18_Regionalised_L2_BaselineStandardised,Script18_Regionalised_L2_BaselineStandardised,True,False,-0.2413544436795579,-0.1788046219999999,-0.44041283900000017,-0.0001745189999999841,0.03085907766325969,0.022113140800000042,-0.013267884400000152,0.07960730690000001,-2.1543862699997556,-2.06020293314394,-3.334312054245281,-0.9316628330253263,-0.576566762727544,0.3413572780889978,0.03216908219241419,4,25,16.022099447513813,27,3,96,7,25,4,11,4,Fp2
RAW_Channel_BaselineStandardisedFlux,181,0.0,1.0,0.0,1.0,0.0,1.0,Script18_Regionalised_L2_BaselineStandardised,Script18_Regionalised_L2_BaselineStandardised,True,False,-0.14231233006187832,-0.09171676499999992,-0.262611444,0.05950779300000009,0.01683416772193369,0.013418575099999996,-0.022113140799998987,0.04864890979999903,-2.1543862699997556,-2.06020293314394,-3.334312054245281,-0.9316628330253263,-0.6774761731231771,0.3557586450169939,0.01819931395722358,9,36,24.861878453038674,30,0,85,5,36,9,10,5,Fz
RAW_Channel_BaselineStandardisedFlux,181,0.0,1.0,0.0,1.0,0.0,1.0,Script18_Regionalised_L2_BaselineStandardised,Script18_Regionalised_L2_BaselineStandardised,True,False,-0.1594520595889504,-0.12527058499999688,-0.3885549450000001,0.0555484209999999,-0.0005619914200552531,0.004422628099999937,-0.05307153790000002,0.07073794010000001,-2.1543862699997556,-2.06020293314394,-3.334312054245281,-0.9316628330253263,-0.7104339873206195,0.319364598468375,-0.017707655258936684,12,37,27.07182320441989,36,0,78,4,37,12,7,3,O1
RAW_Channel_BaselineStandardisedFlux,181,0.0,1.0,0.0,1.0,0.0,1.0,Script18_Regionalised_L2_BaselineStandardised,Script18_Regionalised_L2_BaselineStandardised,True,False,-0.13476517189502776,-0.12396955099999984,-0.3498839060000001,0.07955889100001245,-0.007890557676961266,-0.0044226282000000006,-0.053053455099999924,0.053071537999999974,-2.1543862699997556,-2.06020293314394,-3.334312054245281,-0.9316628330253263,-0.6756886847390321,0.3637177807592819,-0.050446440128616994,10,41,28.176795580110497,42,4,67,3,41,10,9,2,O2
RAW_Channel_BaselineStandardisedFlux,181,0.0,1.0,0.0,1.0,0.0,1.0,Script18_Regionalised_L2_BaselineStandardised,Script18_Regionalised_L2_BaselineStandardised,True,False,-0.1839344743618786,-0.13440947599999986,-0.406629369,0.06788663199999778,0.004984478057900578,0.004422628099999992,-0.04422628159999997,0.04864890979999997,-2.1543862699997556,-2.06020293314394,-3.334312054245281,-0.9316628330253263,-0.6252436199759989,0.4476059860990773,-0.07936434265662477,12,33,24.861878453038674,39,1,79,4,33,12,10,1,Oz
RAW_Channel_BaselineStandardisedFlux,181,0.0,1.0,0.0,1.0,0.0,1.0,Script18_Regionalised_L2_BaselineStandardised,Script18_Regionalised_L2_BaselineStandardised,True,False,-0.34718601217292855,-0.3079966049999998,-0.582663688,-0.046473084999999914,0.007989652356740363,0.0,-0.04422628159999964,0.04864890979999997,-2.1543862699997556,-2.06020293314394,-3.334312054245281,-0.9316628330253263,-0.6445881636458436,0.31868071242579876,0.022767497184492617,9,26,19.337016574585636,52,3,79,6,26,9,4,1,P3
RAW_Channel_BaselineStandardisedFlux,181,0.0,1.0,0.0,1.0,0.0,1.0,Script18_Regionalised_L2_BaselineStandardised,Script18_Regionalised_L2_BaselineStandardised,True,False,-0.27267663733812153,-0.22692984799999993,-0.45098453699999985,0.016308026000000142,0.045884840974419916,0.044226281600000195,0.0,0.08402993499999961,-2.1543862699997556,-2.06020293314394,-3.334312054245281,-0.9316628330253263,-0.6257563129306356,0.36589625148197213,0.019277344487749478,7,19,14.3646408839779,19,0,105,7,19,7,17,4,P4
RAW_Channel_BaselineStandardisedFlux,181,0.0,1.0,0.0,1.0,0.0,1.0,Script18_Regionalised_L2_BaselineStandardised,Script18_Regionalised_L2_BaselineStandardised,True,False,-0.5404228612022102,-0.39324121480000007,-0.6895588219999998,-0.21157316150000005,0.04671544439486193,0.03980365340000214,-0.0044226282000000006,0.1017204477,-2.1543862699997556,-2.06020293314394,-3.334312054245281,-0.9316628330253263,-0.7513924334854701,0.15337864602513837,0.029721717394243855,1,10,6.077348066298343,36,4,111,13,10,1,2,1,P7
RAW_Channel_BaselineStandardisedFlux,181,0.0,1.0,0.0,1.0,0.0,1.0,Script18_Regionalised_L2_BaselineStandardised,Script18_Regionalised_L2_BaselineStandardised,True,False,-0.4003244552005526,-0.4187093160000006,-0.560776997,-0.20339193000000022,0.00564385744790054,0.00884525630000016,-0.02669550100000001,0.04406052199999999,-2.1543862699997556,-2.06020293314394,-3.334312054245281,-0.9316628330253263,-0.523483923210873,0.4450655933747159,0.03443847528837302,7,13,11.049723756906078,56,4,91,6,13,7,1,2,P8
RAW_Channel_BaselineStandardisedFlux,181,0.0,1.0,0.0,1.0,0.0,1.0,Script18_Regionalised_L2_BaselineStandardised,Script18_Regionalised_L2_BaselineStandardised,True,False,-0.2235403559558012,-0.255024033,-0.3996478269999997,-0.08109807400000002,-0.05047690319464086,-0.04422628159999997,-0.084029935,-0.000183842500000031,-2.1543862699997556,-2.06020293314394,-3.334312054245281,-0.9316628330253263,-0.7178789470618426,0.26023637349964235,0.01696521802363381,8,26,18.784530386740332,96,8,36,1,26,8,2,2,PO10
RAW_Channel_BaselineStandardisedFlux,181,0.0,1.0,0.0,1.0,0.0,1.0,Script18_Regionalised_L2_BaselineStandardised,Script18_Regionalised_L2_BaselineStandardised,True,False,-0.025783594891712603,-0.14923619879999994,-0.25923494699999994,-0.03171976599999993,-0.038361165765193404,-0.01769051259999954,-0.08402993510000001,0.03980365340000003,-2.1543862699997556,-2.06020293314394,-3.334312054245281,-0.9316628330253263,-0.786418764080547,0.1448395551348405,0.002501108227694668,5,30,19.337016574585636,64,5,65,7,30,5,1,2,PO9
RAW_Channel_BaselineStandardisedFlux,181,0.0,1.0,0.0,1.0,0.0,1.0,Script18_Regionalised_L2_BaselineStandardised,Script18_Regionalised_L2_BaselineStandardised,True,False,-0.24786860486961368,-0.21358917099999997,-0.46618220200000016,0.023591906999993473,0.02269799313419895,0.017690512599999986,-0.026701528599996138,0.07076205059999996,-2.1543862699997556,-2.06020293314394,-3.334312054245281,-0.9316628330253263,-0.6676270934043055,0.2796216508008167,0.01718796265782513,10,32,23.204419889502763,26,1,97,6,32,10,4,2,Pz
RAW_Channel_BaselineStandardisedFlux,181,0.0,1.0,0.0,1.0,0.0,1.0,Script18_Regionalised_L2_BaselineStandardised,Script18_Regionalised_L2_BaselineStandardised,True,False,-0.48893425652928213,-0.5027065487,-0.8012586313,-0.13725878309999995,0.04505583603817686,0.03994680949999874,-0.026535769000000153,0.12825621670000004,-2.1543862699997556,-2.06020293314394,-3.334312054245281,-0.9316628330253263,-0.7785065142110539,0.06935690978002049,0.1528070308095058,0,26,14.3646408839779,29,2,102,16,26,0,3,1,T7
RAW_Channel_BaselineStandardisedFlux,181,0.0,1.0,0.0,1.0,0.0,1.0,Script18_Regionalised_L2_BaselineStandardised,Script18_Regionalised_L2_BaselineStandardised,True,False,-0.342458412474033,-0.24674299700000324,-0.4663024579999999,-0.09555484599999997,0.011556060481049749,0.0,-0.03095839709999998,0.044226281599999084,-2.1543862699997556,-2.06020293314394,-3.334312054245281,-0.9316628330253263,-0.6754432850595621,0.1959117343594609,0.15862422661536757,2,19,11.602209944751381,60,8,78,7,19,2,3,2,T8
